time,Phi,dPhi_dt,Energy,Fragmentation,Ricci,Betti1,PermEntropy
0.0,0.938,-1.245,2.399,2.5,-2.921,6.0,0.62
2.0,0.833,-2.093,6.509,5.35,-2.965,9.0,0.64
4.0,0.738,-1.899,7.389,7.7,-2.578,11.0,0.64
6.0,0.662,-1.532,6.617,5.4,-2.981,9.0,0.62
8.0,0.592,-1.384,7.389,6.21,-0.178,7.0,0.62
10.0,0.534,-1.177,7.389,8.28,-3.149,12.0,0.61
12.0,0.483,-1.001,7.389,14.22,0.827,14.0,0.62
14.0,0.441,-0.85,7.389,8.25,-1.077,10.0,0.64
16.0,0.405,-0.723,7.389,9.17,-1.104,11.0,0.65
18.0,0.374,-0.614,7.389,10.01,-4.138,15.0,0.67
20.0,0.348,-0.522,7.389,8.61,-1.578,11.0,0.66
22.0,0.326,-0.443,7.389,5.18,-0.176,6.0,0.63
24.0,0.307,-0.377,7.389,9.76,-1.816,12.0,0.58
26.0,0.291,-0.321,7.389,13.63,-0.899,15.0,0.59
28.0,0.277,-0.273,7.389,7.28,-1.178,9.0,0.61
30.0,0.266,-0.232,7.389,6.0,-0.273,7.0,0.65
32.0,0.258,-0.145,6.118,3.9,-3.449,8.0,0.63
34.0,0.25,-0.175,7.389,8.15,-3.354,12.0,0.6
36.0,0.243,-0.142,7.225,4.58,-4.001,9.0,0.58
38.0,0.236,-0.128,7.389,11.83,0.242,12.0,0.58
40.0,0.231,-0.109,7.389,15.24,-0.305,16.0,0.59
42.0,0.226,-0.092,7.389,10.72,-1.485,13.0,0.66
44.0,0.222,-0.078,7.389,11.16,-0.893,13.0,0.69
46.0,0.219,-0.067,7.389,15.02,1.001,15.0,0.7
48.0,0.216,-0.057,7.389,12.19,0.058,13.0,0.67
50.0,0.214,-0.048,7.389,6.3,-1.916,9.0,0.66
52.0,0.221,0.139,3.27,2.58,-4.741,8.0,0.64
54.0,0.22,-0.016,6.015,4.75,-2.701,8.0,0.61
56.0,0.237,0.339,1.377,0.7,-3.783,5.0,0.6
58.0,0.231,-0.11,7.389,5.47,-3.058,9.0,0.59
60.0,0.227,-0.094,7.389,6.61,-0.73,8.0,0.63
62.0,0.223,-0.08,7.389,6.55,-0.657,8.0,0.66
64.0,0.223,0.0,5.464,4.66,-0.527,6.0,0.66
66.0,0.226,0.068,4.054,3.49,-2.716,7.0,0.66
68.0,0.222,-0.078,7.389,6.3,-0.868,8.0,0.67
70.0,0.219,-0.066,7.389,6.91,-2.394,10.0,0.64
72.0,0.216,-0.056,7.389,5.77,-2.668,9.0,0.61
74.0,0.214,-0.048,7.389,10.51,0.187,11.0,0.63
76.0,0.212,-0.041,7.389,8.32,-0.845,10.0,0.67
78.0,0.21,-0.035,7.389,11.22,1.033,11.0,0.66
80.0,0.208,-0.03,7.389,12.04,-0.098,13.0,0.67
82.0,0.207,-0.025,7.389,10.7,-1.411,13.0,0.68
84.0,0.206,-0.021,7.389,6.26,-1.875,9.0,0.67
86.0,0.205,-0.018,7.389,11.13,0.973,11.0,0.67
88.0,0.204,-0.015,7.389,13.4,0.243,14.0,0.67
90.0,0.204,-0.013,7.389,8.23,0.041,9.0,0.66
92.0,0.203,-0.011,7.389,6.34,-0.837,8.0,0.66
94.0,0.203,-0.009,7.389,10.57,-0.703,12.0,0.65
96.0,0.202,-0.008,7.389,11.48,0.194,12.0,0.64
98.0,0.202,-0.007,7.389,11.17,-1.119,13.0,0.64
100.0,0.202,-0.006,7.389,14.33,1.006,14.0,0.63
102.0,0.201,-0.005,7.389,15.66,0.24,16.0,0.62
104.0,0.201,-0.004,7.389,14.26,2.0,13.0,0.65
106.0,0.201,-0.004,7.389,14.99,-1.229,17.0,0.66
108.0,0.201,-0.003,7.389,14.35,-0.934,16.0,0.64
110.0,0.201,-0.003,7.389,11.8,-0.356,13.0,0.67
112.0,0.201,-0.002,7.389,12.45,0.281,13.0,0.67
114.0,0.201,-0.002,7.389,12.28,-0.929,14.0,0.66
116.0,0.2,-0.002,7.389,14.5,-0.712,16.0,0.66
118.0,0.2,-0.001,7.389,11.42,-1.784,14.0,0.66
120.0,0.2,-0.001,7.389,8.37,-0.818,10.0,0.66
122.0,0.2,-0.001,7.389,5.52,-0.759,7.0,0.64
124.0,0.2,-0.001,7.389,6.72,-2.649,10.0,0.63
126.0,0.2,-0.001,7.389,8.42,-1.95,11.0,0.63
128.0,0.2,-0.001,7.389,7.66,-2.683,11.0,0.63
130.0,0.2,-0.0,7.389,5.82,-3.508,10.0,0.63
132.0,0.2,-0.0,7.389,8.34,-3.042,12.0,0.62
134.0,0.2,-0.0,7.389,8.91,-5.574,15.0,0.6
136.0,0.2,-0.0,7.389,9.82,-2.591,13.0,0.62
138.0,0.201,0.012,6.962,5.3,-2.076,8.0,0.62
140.0,0.201,-0.002,7.389,13.58,0.259,14.0,0.64
142.0,0.201,-0.002,7.389,8.81,-2.567,12.0,0.62
144.0,0.2,-0.001,7.389,7.53,-2.764,11.0,0.64
146.0,0.2,-0.001,7.389,6.41,-0.944,8.0,0.63
148.0,0.201,0.008,7.093,5.03,-3.4,9.0,0.61
150.0,0.201,-0.002,7.389,11.55,-0.749,13.0,0.64
152.0,0.201,-0.002,7.389,11.41,1.125,11.0,0.64
154.0,0.205,0.097,4.543,4.07,-3.334,8.0,0.62
156.0,0.235,0.585,0.56,-1.89,-7.336,6.0,0.61
158.0,0.259,0.49,0.798,-1.16,-3.583,3.0,0.61
160.0,0.25,-0.177,7.389,5.8,-2.465,9.0,0.65
162.0,0.243,-0.151,7.389,9.84,-2.326,13.0,0.67
164.0,0.236,-0.128,7.389,9.26,-0.886,11.0,0.67
166.0,0.231,-0.109,7.389,11.37,0.081,12.0,0.64
168.0,0.226,-0.093,7.389,7.11,-1.178,9.0,0.64
170.0,0.222,-0.079,7.389,10.09,-0.162,11.0,0.65
172.0,0.225,0.056,4.301,3.51,-3.726,8.0,0.65
174.0,0.221,-0.075,7.389,13.44,0.111,14.0,0.63
176.0,0.218,-0.064,7.389,9.23,1.014,9.0,0.66
178.0,0.215,-0.054,7.389,10.16,0.864,10.0,0.64
180.0,0.213,-0.046,7.389,10.22,-1.125,12.0,0.63
182.0,0.211,-0.039,7.389,6.77,-2.586,10.0,0.63
184.0,0.226,0.299,1.657,1.38,-3.817,6.0,0.66
186.0,0.222,-0.078,7.389,11.24,2.0,10.0,0.65
188.0,0.223,0.006,5.344,4.6,-4.71,10.0,0.64
190.0,0.219,-0.068,7.389,8.1,-2.229,11.0,0.63
192.0,0.216,-0.057,7.389,8.41,-1.952,11.0,0.63
194.0,0.214,-0.049,7.389,8.35,-2.184,11.0,0.59
196.0,0.212,-0.041,7.389,9.54,-0.91,11.0,0.61
198.0,0.21,-0.035,7.389,6.23,-0.126,7.0,0.63
200.0,0.208,-0.03,7.389,8.94,-2.467,12.0,0.62
202.0,0.207,-0.025,7.389,9.35,-0.987,11.0,0.63
204.0,0.206,-0.022,7.389,10.26,-3.008,14.0,0.65
206.0,0.205,-0.018,7.389,7.56,-3.621,12.0,0.66
208.0,0.204,-0.016,7.389,9.46,-0.678,11.0,0.67
210.0,0.204,-0.013,7.389,7.25,-1.009,9.0,0.65
212.0,0.203,-0.011,7.389,6.22,-3.113,10.0,0.63
214.0,0.203,-0.01,7.389,10.58,-0.787,12.0,0.63
216.0,0.202,-0.008,7.389,12.66,0.385,13.0,0.65
218.0,0.202,-0.007,7.389,9.46,-0.859,11.0,0.64
220.0,0.202,-0.006,7.389,8.62,0.358,9.0,0.65
222.0,0.212,0.201,2.736,2.54,-2.652,6.0,0.66
224.0,0.21,-0.035,7.389,9.38,0.1,10.0,0.64
226.0,0.208,-0.03,7.389,8.43,-0.983,10.0,0.62
228.0,0.207,-0.025,7.389,8.36,-0.974,10.0,0.63
230.0,0.206,-0.022,7.389,11.32,-0.944,13.0,0.65
232.0,0.205,-0.018,7.389,13.09,-2.074,16.0,0.67
234.0,0.204,-0.016,7.389,14.02,-1.206,16.0,0.65
236.0,0.204,-0.013,7.389,11.21,-1.044,13.0,0.65
238.0,0.203,-0.011,7.389,8.95,-1.352,11.0,0.64
240.0,0.206,0.053,5.467,4.38,-4.862,10.0,0.65
242.0,0.205,-0.017,7.389,8.05,-2.262,11.0,0.64
244.0,0.204,-0.015,7.389,11.26,0.007,12.0,0.65
246.0,0.204,-0.013,7.389,13.51,-1.696,16.0,0.66
248.0,0.203,-0.011,7.389,10.04,-2.177,13.0,0.66
250.0,0.203,-0.009,7.389,6.83,-2.399,10.0,0.65
252.0,0.202,-0.008,7.389,12.27,-0.084,13.0,0.63
254.0,0.202,-0.007,7.389,8.23,-2.214,11.0,0.61
256.0,0.202,-0.006,7.389,8.41,-1.031,10.0,0.61
258.0,0.201,-0.005,7.389,10.39,1.002,10.0,0.62
260.0,0.201,-0.004,7.389,12.29,-0.067,13.0,0.63
262.0,0.201,-0.003,7.389,9.21,-0.12,10.0,0.63
264.0,0.201,-0.003,7.389,11.22,0.952,11.0,0.65
266.0,0.201,0.007,7.075,5.25,-0.038,6.0,0.64
268.0,0.201,-0.003,7.389,13.01,-0.207,14.0,0.66
270.0,0.201,-0.003,7.389,9.27,-1.019,11.0,0.64
272.0,0.201,-0.002,7.389,7.01,-2.278,10.0,0.64
274.0,0.229,0.571,0.592,-1.59,-7.964,7.0,0.63
276.0,0.225,-0.087,7.389,5.47,-3.934,10.0,0.62
278.0,0.253,0.556,0.627,-1.64,-10.072,9.0,0.61
280.0,0.245,-0.158,7.389,10.55,0.084,11.0,0.61
282.0,0.238,-0.134,7.389,6.32,-3.198,10.0,0.6
284.0,0.237,-0.013,4.852,4.45,-4.001,9.0,0.61
286.0,0.232,-0.112,7.389,8.64,-3.803,13.0,0.61
288.0,0.227,-0.095,7.389,5.27,-1.157,7.0,0.61
290.0,0.223,-0.081,7.389,7.57,0.145,8.0,0.61
292.0,0.22,-0.069,7.389,6.49,-1.94,9.0,0.61
294.0,0.217,-0.059,7.389,12.55,0.07,13.0,0.6
296.0,0.219,0.038,4.943,4.36,-4.098,9.0,0.61
298.0,0.216,-0.055,7.389,5.68,-2.83,9.0,0.6
300.0,0.222,0.118,3.497,3.06,-4.336,8.0,0.62
302.0,0.218,-0.065,7.389,9.35,-1.859,12.0,0.66
304.0,0.216,-0.055,7.389,10.37,0.071,11.0,0.64
306.0,0.213,-0.046,7.389,4.78,-1.592,7.0,0.63
308.0,0.223,0.201,2.501,2.08,-2.314,5.0,0.62
310.0,0.22,-0.07,7.389,6.29,-1.053,8.0,0.63
312.0,0.217,-0.06,7.389,6.82,-2.57,10.0,0.62
314.0,0.22,0.07,4.264,4.11,-4.382,9.0,0.6
316.0,0.217,-0.061,7.389,10.38,-0.996,12.0,0.62
318.0,0.215,-0.052,7.389,11.47,0.97,11.0,0.6
320.0,0.213,-0.044,7.389,12.46,1.031,12.0,0.61
322.0,0.211,-0.038,7.389,11.98,-3.451,16.0,0.61
324.0,0.209,-0.032,7.389,6.58,0.155,7.0,0.62
326.0,0.208,-0.027,7.389,8.55,-0.901,10.0,0.61
328.0,0.207,-0.023,7.389,11.43,0.988,11.0,0.61
330.0,0.209,0.045,5.42,4.29,-3.088,8.0,0.62
332.0,0.207,-0.026,7.389,8.9,-2.431,12.0,0.63
334.0,0.206,-0.022,7.389,9.46,-0.858,11.0,0.64
336.0,0.205,-0.019,7.389,13.29,-1.998,16.0,0.64
338.0,0.205,-0.016,7.389,15.36,2.0,14.0,0.63
340.0,0.204,-0.014,7.389,7.62,-1.863,10.0,0.6
342.0,0.203,-0.012,7.389,6.59,-3.92,11.0,0.6
344.0,0.203,-0.01,7.389,5.46,-5.028,11.0,0.6
346.0,0.202,-0.008,7.389,5.61,-1.828,8.0,0.61
348.0,0.202,-0.007,7.389,10.42,0.089,11.0,0.63
350.0,0.202,-0.006,7.389,7.52,-0.872,9.0,0.62
352.0,0.201,-0.005,7.389,9.46,-1.019,11.0,0.6
354.0,0.201,-0.004,7.389,9.55,0.109,10.0,0.61
356.0,0.201,-0.004,7.389,5.95,-1.4,8.0,0.63
358.0,0.201,-0.003,7.389,8.31,-0.924,10.0,0.65
360.0,0.201,-0.003,7.389,9.38,0.081,10.0,0.64
362.0,0.201,-0.002,7.389,13.2,0.007,14.0,0.66
364.0,0.201,-0.002,7.389,6.81,-2.351,10.0,0.67
366.0,0.2,-0.002,7.389,8.55,-1.775,11.0,0.63
368.0,0.2,-0.001,7.389,11.82,-0.552,13.0,0.62
370.0,0.2,-0.001,7.389,7.55,-1.863,10.0,0.62
372.0,0.2,-0.001,7.389,9.67,-3.678,14.0,0.63
374.0,0.2,-0.001,7.389,10.56,-0.863,12.0,0.62
376.0,0.2,-0.001,7.389,13.59,0.188,14.0,0.62
378.0,0.2,-0.001,7.389,14.17,-0.222,15.0,0.62
380.0,0.2,-0.0,7.389,6.03,-3.423,10.0,0.61
382.0,0.2,-0.0,7.389,8.01,-3.442,12.0,0.61
384.0,0.2,-0.0,7.389,10.57,0.171,11.0,0.62
386.0,0.2,-0.0,7.389,8.96,-2.421,12.0,0.62
388.0,0.2,-0.0,7.389,7.07,-2.32,10.0,0.62
390.0,0.2,-0.0,7.389,8.5,-1.919,11.0,0.62
392.0,0.2,-0.0,7.389,5.88,-2.488,9.0,0.63
394.0,0.201,0.027,6.476,4.87,-4.594,10.0,0.61
396.0,0.201,-0.004,7.389,11.59,0.059,12.0,0.59
398.0,0.201,-0.004,7.389,9.49,-0.077,10.0,0.59
400.0,0.201,-0.003,7.389,14.48,0.996,14.0,0.6
402.0,0.201,0.008,7.031,5.14,-2.242,8.0,0.62
404.0,0.201,-0.004,7.389,7.46,-1.987,10.0,0.61
406.0,0.201,-0.003,7.389,13.43,-1.97,16.0,0.62
408.0,0.201,-0.003,7.389,15.47,1.094,15.0,0.62
410.0,0.201,-0.002,7.389,11.34,-2.072,14.0,0.62
412.0,0.201,-0.002,7.389,11.47,-0.989,13.0,0.61
414.0,0.2,-0.002,7.389,15.26,-0.072,16.0,0.63
416.0,0.2,-0.001,7.389,12.33,2.0,11.0,0.63
418.0,0.2,-0.001,7.389,12.29,-0.114,13.0,0.62
420.0,0.201,0.005,7.199,5.29,-3.283,9.0,0.58
422.0,0.2,-0.002,7.389,9.74,-2.817,13.0,0.59
424.0,0.2,-0.001,7.389,6.63,-2.84,10.0,0.61
426.0,0.2,-0.001,7.389,9.73,-0.587,11.0,0.64
428.0,0.2,-0.001,7.389,6.02,-2.281,9.0,0.64
430.0,0.208,0.147,3.61,2.91,-2.57,6.0,0.6
432.0,0.216,0.169,3.146,1.58,-3.976,6.0,0.59
434.0,0.215,-0.019,6.455,5.24,-1.239,7.0,0.6
436.0,0.224,0.185,2.609,2.47,-6.964,10.0,0.61
438.0,0.237,0.258,1.831,1.35,-5.233,7.0,0.58
440.0,0.232,-0.112,7.389,7.64,-4.904,13.0,0.59
442.0,0.227,-0.095,7.389,6.36,-4.135,11.0,0.6
444.0,0.223,-0.081,7.389,6.22,-2.124,9.0,0.63
446.0,0.246,0.452,0.943,-0.79,-3.934,4.0,0.67
448.0,0.241,-0.098,6.326,5.01,-1.181,7.0,0.66
450.0,0.235,-0.122,7.389,13.59,-0.651,15.0,0.65
452.0,0.229,-0.104,7.389,10.14,-1.093,12.0,0.65
454.0,0.225,-0.088,7.389,9.51,-0.785,11.0,0.64
456.0,0.223,-0.04,6.359,4.97,-3.317,9.0,0.64
458.0,0.219,-0.069,7.389,10.3,-0.961,12.0,0.65
460.0,0.217,-0.058,7.389,7.96,-1.313,10.0,0.65
462.0,0.214,-0.05,7.389,11.32,-0.075,12.0,0.62
464.0,0.212,-0.042,7.389,10.44,0.086,11.0,0.63
466.0,0.21,-0.036,7.389,9.41,0.092,10.0,0.64
468.0,0.209,-0.031,7.389,14.27,0.945,14.0,0.64
470.0,0.207,-0.026,7.389,12.54,-0.812,14.0,0.63
472.0,0.206,-0.022,7.389,11.34,-1.015,13.0,0.63
474.0,0.205,-0.019,7.389,10.33,-0.992,12.0,0.64
476.0,0.205,-0.016,7.389,11.4,0.992,11.0,0.62
478.0,0.204,-0.014,7.389,12.37,-0.025,13.0,0.62
480.0,0.203,-0.011,7.389,8.28,-2.083,11.0,0.63
482.0,0.203,-0.009,7.389,5.35,-3.005,9.0,0.63
484.0,0.202,-0.008,7.389,9.98,-1.375,12.0,0.63
486.0,0.202,-0.007,7.389,8.33,-1.051,10.0,0.62
488.0,0.202,-0.006,7.389,7.45,-0.001,8.0,0.61
490.0,0.201,-0.005,7.389,6.22,-0.139,7.0,0.63
492.0,0.201,-0.004,7.389,4.89,-3.472,9.0,0.63
494.0,0.201,-0.004,7.389,6.15,-3.263,10.0,0.62
496.0,0.201,-0.003,7.389,6.41,-3.167,10.0,0.59
498.0,0.201,-0.003,7.389,12.67,0.092,13.0,0.58
500.0,0.201,-0.002,7.389,11.43,-0.063,12.0,0.6
502.0,0.201,-0.002,7.389,8.4,-1.023,10.0,0.62
504.0,0.201,-0.001,7.389,5.8,-2.62,9.0,0.62
506.0,0.204,0.069,5.226,4.63,-4.789,10.0,0.62
508.0,0.203,-0.012,7.389,7.91,-1.605,10.0,0.6
510.0,0.203,-0.01,7.389,13.96,-1.579,16.0,0.59
512.0,0.202,-0.009,7.389,8.42,0.966,8.0,0.61
514.0,0.202,-0.007,7.389,11.29,0.893,11.0,0.62
516.0,0.202,-0.006,7.389,14.21,0.75,14.0,0.61
518.0,0.201,-0.005,7.389,12.33,0.751,12.0,0.58
520.0,0.201,-0.004,7.389,8.66,-4.902,14.0,0.59
522.0,0.201,-0.004,7.389,12.09,-4.447,17.0,0.59
524.0,0.201,0.006,7.062,5.58,-0.923,7.0,0.6
526.0,0.201,-0.004,7.389,6.9,-2.49,10.0,0.62
528.0,0.201,-0.004,7.389,11.82,-1.577,14.0,0.62
530.0,0.205,0.074,5.056,4.6,-0.772,6.0,0.63
532.0,0.204,-0.014,7.389,8.5,1.109,8.0,0.62
534.0,0.203,-0.012,7.389,14.41,-0.035,15.0,0.61
536.0,0.203,-0.01,7.389,14.44,2.0,13.0,0.61
538.0,0.202,-0.009,7.389,11.58,-0.893,13.0,0.61
540.0,0.202,-0.007,7.389,7.57,-1.91,10.0,0.6
542.0,0.202,-0.006,7.389,6.89,-0.598,8.0,0.6
544.0,0.202,-0.005,7.389,6.58,-0.864,8.0,0.61
546.0,0.203,0.025,6.386,5.21,-2.304,8.0,0.6
548.0,0.202,-0.008,7.389,9.75,-0.77,11.0,0.6
550.0,0.206,0.073,5.002,4.57,-2.927,8.0,0.6
552.0,0.205,-0.018,7.389,8.56,0.106,9.0,0.61
554.0,0.215,0.201,2.649,2.5,-2.009,5.0,0.6
556.0,0.218,0.047,4.83,4.49,-0.992,6.0,0.6
558.0,0.215,-0.052,7.389,7.2,-1.352,9.0,0.59
560.0,0.213,-0.045,7.389,10.52,1.031,10.0,0.6
562.0,0.211,-0.038,7.389,8.02,-1.429,10.0,0.61
564.0,0.209,-0.032,7.389,6.73,-2.73,10.0,0.61
566.0,0.208,-0.027,7.389,6.0,-2.496,9.0,0.6
568.0,0.207,-0.023,7.389,8.55,-1.982,11.0,0.59
570.0,0.206,-0.02,7.389,8.61,0.191,9.0,0.62
572.0,0.205,-0.017,7.389,10.86,-1.449,13.0,0.64
574.0,0.204,-0.014,7.389,10.42,-2.881,14.0,0.64
576.0,0.203,-0.012,7.389,9.27,-3.098,13.0,0.63
578.0,0.203,-0.01,7.389,9.17,-1.267,11.0,0.61
580.0,0.202,-0.009,7.389,11.94,-1.497,14.0,0.61
582.0,0.202,-0.007,7.389,12.66,-0.794,14.0,0.61
584.0,0.202,-0.006,7.389,8.16,-3.251,12.0,0.62
586.0,0.202,-0.005,7.389,5.57,-3.854,10.0,0.61
588.0,0.217,0.317,1.803,0.16,-3.361,4.0,0.6
590.0,0.215,-0.052,7.389,6.47,-0.952,8.0,0.62
592.0,0.213,-0.044,7.389,6.49,-1.952,9.0,0.61
594.0,0.211,-0.038,7.389,15.12,-0.288,16.0,0.62
596.0,0.209,-0.032,7.389,11.72,-0.689,13.0,0.62
598.0,0.208,-0.027,7.389,11.49,-0.96,13.0,0.61
600.0,0.207,-0.023,7.389,9.61,0.108,10.0,0.6
602.0,0.206,-0.02,7.389,9.32,-2.21,12.0,0.59
604.0,0.205,-0.017,7.389,6.8,-0.616,8.0,0.62
606.0,0.204,-0.014,7.389,13.23,-2.123,16.0,0.63
608.0,0.203,-0.012,7.389,8.76,-4.593,14.0,0.63
610.0,0.203,-0.01,7.389,7.25,-4.121,12.0,0.63
612.0,0.202,-0.009,7.389,8.01,-3.333,12.0,0.63
614.0,0.202,-0.007,7.389,14.58,-0.749,16.0,0.63
616.0,0.202,-0.006,7.389,11.79,-0.644,13.0,0.61
618.0,0.202,-0.005,7.389,10.96,0.592,11.0,0.63
620.0,0.201,-0.005,7.389,15.76,0.315,16.0,0.61
622.0,0.201,-0.004,7.389,8.65,0.194,9.0,0.61
624.0,0.201,-0.003,7.389,13.48,0.048,14.0,0.61
626.0,0.201,-0.003,7.389,9.5,-0.025,10.0,0.6
628.0,0.201,-0.002,7.389,15.47,0.895,15.0,0.58
630.0,0.201,-0.002,7.389,13.07,-0.504,14.0,0.59
632.0,0.2,-0.002,7.389,7.56,-1.933,10.0,0.6
634.0,0.2,-0.001,7.389,7.29,-3.151,11.0,0.61
636.0,0.2,-0.001,7.389,9.77,0.332,10.0,0.61
638.0,0.209,0.172,3.167,3.06,-2.428,6.0,0.6
640.0,0.211,0.043,5.31,4.77,-2.696,8.0,0.61
642.0,0.211,-0.002,6.392,5.13,-5.243,11.0,0.63
644.0,0.209,-0.033,7.389,11.62,-1.7,14.0,0.64
646.0,0.208,-0.028,7.389,8.11,-1.328,10.0,0.61
648.0,0.207,-0.024,7.389,7.53,0.033,8.0,0.6
650.0,0.206,-0.02,7.389,6.7,-0.739,8.0,0.61
652.0,0.205,-0.017,7.389,7.34,-2.175,10.0,0.6
654.0,0.204,-0.015,7.389,7.68,0.134,8.0,0.59
656.0,0.211,0.142,3.538,3.05,-3.418,7.0,0.61
658.0,0.21,-0.019,6.911,5.07,-2.24,8.0,0.64
660.0,0.209,-0.031,7.389,10.22,0.875,10.0,0.63
662.0,0.207,-0.026,7.389,11.45,1.044,11.0,0.62
664.0,0.206,-0.022,7.389,10.35,0.984,10.0,0.63
666.0,0.205,-0.019,7.389,9.25,-0.152,10.0,0.62
668.0,0.205,-0.016,7.389,9.21,-3.325,13.0,0.59
670.0,0.204,-0.014,7.389,8.99,-2.569,12.0,0.59
672.0,0.207,0.064,5.136,4.27,-4.281,9.0,0.59
674.0,0.206,-0.021,7.389,6.49,-3.116,10.0,0.58
676.0,0.205,-0.018,7.389,9.87,-1.708,12.0,0.58
678.0,0.204,-0.015,7.389,13.5,-0.988,15.0,0.6
680.0,0.204,-0.013,7.389,7.99,-1.476,10.0,0.61
682.0,0.213,0.178,2.974,2.96,-6.523,10.0,0.6
684.0,0.217,0.097,3.964,3.73,-5.693,10.0,0.61
686.0,0.215,-0.052,7.389,10.89,-1.597,13.0,0.6
688.0,0.213,-0.044,7.389,6.48,-2.012,9.0,0.6
690.0,0.211,-0.038,7.389,11.74,0.237,12.0,0.6
692.0,0.209,-0.032,7.389,12.7,0.22,13.0,0.6
694.0,0.208,-0.027,7.389,17.33,-1.142,19.0,0.61
696.0,0.207,-0.023,7.389,8.75,-1.666,11.0,0.62
698.0,0.206,-0.02,7.389,9.94,-0.501,11.0,0.61
700.0,0.205,-0.017,7.389,11.18,0.685,11.0,0.6
702.0,0.204,-0.014,7.389,9.8,0.324,10.0,0.61
704.0,0.203,-0.012,7.389,14.53,0.087,15.0,0.61
706.0,0.203,-0.01,7.389,11.32,-0.116,12.0,0.61
708.0,0.202,-0.009,7.389,8.23,-2.363,11.0,0.58
710.0,0.209,0.131,3.76,3.76,-4.858,9.0,0.58
712.0,0.212,0.066,4.778,3.89,-3.651,8.0,0.59
714.0,0.21,-0.037,7.389,9.46,-1.122,11.0,0.58
716.0,0.209,-0.031,7.389,8.7,-0.914,10.0,0.58
718.0,0.208,-0.027,7.389,7.58,-1.86,10.0,0.61
720.0,0.209,0.028,5.796,4.72,-3.819,9.0,0.59
722.0,0.221,0.239,2.177,1.98,-3.546,6.0,0.59
724.0,0.218,-0.063,7.389,7.19,-1.29,9.0,0.6
726.0,0.215,-0.053,7.389,8.33,-1.11,10.0,0.61
728.0,0.213,-0.045,7.389,12.34,-2.11,15.0,0.61
730.0,0.211,-0.039,7.389,9.45,-0.006,10.0,0.61
732.0,0.209,-0.032,7.389,4.39,-3.046,8.0,0.61
734.0,0.208,-0.028,7.389,10.86,-1.573,13.0,0.61
736.0,0.207,-0.024,7.389,10.81,-0.73,12.0,0.59
738.0,0.211,0.093,4.323,3.39,-3.137,7.0,0.59
740.0,0.21,-0.034,7.389,9.58,-1.888,12.0,0.61
742.0,0.208,-0.029,7.389,7.08,-3.41,11.0,0.6
744.0,0.207,-0.025,7.389,10.75,-1.743,13.0,0.6
746.0,0.206,-0.021,7.389,11.57,-0.008,12.0,0.59
748.0,0.205,-0.018,7.389,13.41,0.914,13.0,0.6
750.0,0.204,-0.015,7.389,6.91,-1.566,9.0,0.61
752.0,0.204,-0.013,7.389,10.41,0.978,10.0,0.61
754.0,0.203,-0.011,7.389,10.66,-1.767,13.0,0.61
756.0,0.203,-0.009,7.389,11.69,-1.668,14.0,0.63
758.0,0.202,-0.008,7.389,9.38,-0.044,10.0,0.61
760.0,0.221,0.373,1.3,0.64,-5.923,7.0,0.59
762.0,0.218,-0.063,7.389,6.55,-0.019,7.0,0.59
764.0,0.215,-0.053,7.389,9.67,-0.797,11.0,0.61
766.0,0.213,-0.045,7.389,4.83,-3.625,9.0,0.61
768.0,0.232,0.383,1.22,0.22,-5.276,6.0,0.6
770.0,0.227,-0.096,7.389,14.32,0.878,14.0,0.61
772.0,0.223,-0.082,7.389,14.52,1.042,14.0,0.6
774.0,0.22,-0.069,7.389,16.46,2.0,15.0,0.61
776.0,0.217,-0.059,7.389,8.29,-2.1,11.0,0.62
778.0,0.224,0.152,3.021,2.23,-6.21,9.0,0.61
780.0,0.222,-0.046,6.579,4.31,-5.16,10.0,0.61
782.0,0.226,0.072,4.028,3.35,-7.056,11.0,0.62
784.0,0.222,-0.077,7.389,8.44,-2.984,12.0,0.61
786.0,0.222,0.007,5.355,4.54,-1.941,7.0,0.6
788.0,0.219,-0.066,7.389,15.49,2.0,14.0,0.6
790.0,0.216,-0.056,7.389,18.48,2.0,17.0,0.6
792.0,0.214,-0.048,7.389,15.48,2.0,14.0,0.6
794.0,0.219,0.102,3.828,3.81,-2.664,7.0,0.6
796.0,0.216,-0.056,7.389,5.41,-3.155,9.0,0.59
798.0,0.214,-0.048,7.389,9.85,-1.659,12.0,0.6
800.0,0.211,-0.041,7.389,11.34,0.843,11.0,0.6
802.0,0.21,-0.034,7.389,9.25,-0.199,10.0,0.61
804.0,0.208,-0.029,7.389,12.8,-1.646,15.0,0.61
806.0,0.207,-0.025,7.389,9.31,-1.164,11.0,0.61
808.0,0.206,-0.021,7.389,7.41,-0.099,8.0,0.6
810.0,0.205,-0.018,7.389,6.95,-0.572,8.0,0.6
812.0,0.204,-0.015,7.389,5.59,-2.922,9.0,0.6
814.0,0.204,-0.013,7.389,10.61,-0.939,12.0,0.59
816.0,0.203,-0.011,7.389,11.27,-0.275,12.0,0.59
818.0,0.203,-0.009,7.389,12.64,0.053,13.0,0.58
820.0,0.202,-0.008,7.389,7.76,-2.703,11.0,0.61
822.0,0.202,-0.007,7.389,13.68,1.163,13.0,0.6
824.0,0.202,-0.006,7.389,15.72,0.208,16.0,0.6
826.0,0.201,-0.005,7.389,14.79,-0.789,16.0,0.58
828.0,0.201,-0.004,7.389,14.34,-1.067,16.0,0.62
830.0,0.201,-0.004,7.389,10.38,-0.024,11.0,0.62
832.0,0.201,-0.003,7.389,10.17,-1.369,12.0,0.59
834.0,0.201,-0.003,7.389,10.94,-0.685,12.0,0.57
836.0,0.201,-0.002,7.389,9.76,-0.754,11.0,0.6
838.0,0.208,0.145,3.593,3.52,-1.982,6.0,0.6
840.0,0.207,-0.022,7.341,5.52,-3.007,9.0,0.59
842.0,0.206,-0.02,7.389,6.61,0.049,7.0,0.59
844.0,0.205,-0.017,7.389,6.86,-2.557,10.0,0.62
846.0,0.233,0.565,0.606,-1.57,-7.044,6.0,0.6
848.0,0.228,-0.1,7.389,9.65,-1.861,12.0,0.6
850.0,0.224,-0.085,7.389,8.95,-1.53,11.0,0.6
852.0,0.22,-0.072,7.389,9.27,-1.226,11.0,0.6
854.0,0.217,-0.061,7.389,13.21,-0.281,14.0,0.6
856.0,0.215,-0.052,7.389,11.11,-1.426,13.0,0.59
858.0,0.213,-0.044,7.389,7.9,-4.742,13.0,0.57
860.0,0.211,-0.037,7.389,7.46,-5.151,13.0,0.58
862.0,0.209,-0.032,7.389,6.71,-2.849,10.0,0.59
864.0,0.208,-0.027,7.389,8.34,-1.053,10.0,0.62
866.0,0.214,0.125,3.673,3.33,-0.065,4.0,0.62
868.0,0.233,0.38,1.225,0.24,-4.094,5.0,0.63
870.0,0.228,-0.098,7.389,5.51,-1.923,8.0,0.61
872.0,0.224,-0.084,7.389,13.62,-0.79,15.0,0.62
874.0,0.22,-0.071,7.389,5.67,-1.801,8.0,0.61
876.0,0.217,-0.061,7.389,5.88,-2.617,9.0,0.6
878.0,0.235,0.348,1.33,0.77,-6.687,8.0,0.61
880.0,0.229,-0.104,7.389,6.67,-0.862,8.0,0.59
882.0,0.225,-0.088,7.389,10.73,-0.826,12.0,0.59
884.0,0.221,-0.075,7.389,11.93,-1.672,14.0,0.58
886.0,0.218,-0.064,7.389,8.81,-1.693,11.0,0.6
888.0,0.215,-0.054,7.389,10.68,0.181,11.0,0.6
890.0,0.213,-0.046,7.389,8.68,-0.829,10.0,0.6
892.0,0.211,-0.039,7.389,8.53,-0.02,9.0,0.59
894.0,0.209,-0.033,7.389,10.12,-1.398,12.0,0.6
896.0,0.208,-0.028,7.389,11.31,-0.158,12.0,0.61
898.0,0.207,-0.024,7.389,8.34,-0.058,9.0,0.62
900.0,0.206,-0.02,7.389,6.73,-1.646,9.0,0.62
902.0,0.205,-0.017,7.389,8.96,-2.411,12.0,0.63
904.0,0.204,-0.015,7.389,9.45,-3.044,13.0,0.6
906.0,0.204,-0.013,7.389,9.73,-1.844,12.0,0.59
908.0,0.204,0.017,6.466,5.01,-2.634,8.0,0.57
910.0,0.204,-0.013,7.389,5.47,-1.094,7.0,0.59
912.0,0.206,0.046,5.606,4.17,-3.299,8.0,0.61
914.0,0.205,-0.018,7.389,7.95,-0.518,9.0,0.61
916.0,0.204,-0.015,7.389,8.21,-1.257,10.0,0.61
918.0,0.204,-0.013,7.389,11.47,-0.005,12.0,0.6
920.0,0.203,-0.011,7.389,9.6,-0.947,11.0,0.59
922.0,0.207,0.086,4.643,4.14,-3.439,8.0,0.58
924.0,0.206,-0.022,7.389,12.45,-1.031,14.0,0.6
926.0,0.205,-0.019,7.389,13.42,0.017,14.0,0.62
928.0,0.205,-0.016,7.389,11.54,-0.019,12.0,0.59
930.0,0.204,-0.014,7.389,9.82,-0.686,11.0,0.6
932.0,0.203,-0.012,7.389,10.71,-0.773,12.0,0.6
934.0,0.203,-0.01,7.389,8.57,-0.871,10.0,0.61
936.0,0.202,-0.008,7.389,5.76,-2.717,9.0,0.6
938.0,0.202,-0.007,7.389,9.78,-0.775,11.0,0.59
940.0,0.202,-0.006,7.389,9.68,-0.953,11.0,0.57
942.0,0.201,-0.005,7.389,12.85,0.251,13.0,0.58
944.0,0.201,-0.004,7.389,8.58,1.091,8.0,0.6
946.0,0.201,-0.004,7.389,7.84,-0.698,9.0,0.59
948.0,0.201,-0.003,7.389,12.04,-1.513,14.0,0.59
950.0,0.201,-0.003,7.389,7.44,-3.175,11.0,0.58
952.0,0.201,-0.002,7.389,5.52,-3.915,10.0,0.61
954.0,0.201,-0.002,7.389,8.52,0.128,9.0,0.62
956.0,0.21,0.19,2.917,2.63,-2.788,6.0,0.62
958.0,0.209,-0.03,7.389,8.55,-0.895,10.0,0.61
960.0,0.207,-0.026,7.389,6.94,-0.579,8.0,0.6
962.0,0.206,-0.022,7.389,7.9,-1.525,10.0,0.61
964.0,0.205,-0.019,7.389,10.43,-0.088,11.0,0.6
966.0,0.204,-0.016,7.389,6.11,-2.338,9.0,0.61
968.0,0.204,-0.013,7.389,8.16,-1.297,10.0,0.61
970.0,0.203,-0.011,7.389,8.04,-2.426,11.0,0.61
972.0,0.203,-0.01,7.389,11.23,-1.264,13.0,0.6
974.0,0.202,-0.008,7.389,11.74,0.149,12.0,0.58
976.0,0.202,-0.007,7.389,8.79,-1.805,11.0,0.58
978.0,0.202,-0.006,7.389,11.94,0.391,12.0,0.59
980.0,0.201,-0.005,7.389,7.7,-0.879,9.0,0.59
982.0,0.201,-0.004,7.389,12.55,-0.044,13.0,0.58
984.0,0.201,-0.004,7.389,13.48,-1.059,15.0,0.59
986.0,0.201,-0.003,7.389,14.51,-2.041,17.0,0.59
988.0,0.201,-0.003,7.389,11.7,0.186,12.0,0.6
990.0,0.201,-0.002,7.389,6.56,-0.894,8.0,0.61
992.0,0.201,-0.002,7.389,7.45,-0.11,8.0,0.59
994.0,0.2,-0.002,7.389,9.47,0.965,9.0,0.6
996.0,0.2,-0.001,7.389,7.22,-0.252,8.0,0.61
998.0,0.2,-0.001,7.389,10.75,0.317,11.0,0.61
1000.0,0.2,-0.001,7.389,8.12,-1.377,10.0,0.6
1002.0,0.2,-0.001,7.389,10.73,1.164,10.0,0.59
1004.0,0.2,-0.0,7.389,5.74,-1.876,8.0,0.58
1006.0,0.2,-0.001,7.389,9.54,1.034,9.0,0.6
1008.0,0.2,-0.001,7.389,14.47,-0.058,15.0,0.6
1010.0,0.2,-0.0,7.389,7.74,-1.776,10.0,0.6
1012.0,0.2,-0.0,7.389,7.55,-0.92,9.0,0.61
1014.0,0.2,-0.0,7.389,6.48,-1.06,8.0,0.59
1016.0,0.2,-0.0,7.389,10.98,-1.48,13.0,0.61
1018.0,0.2,-0.0,7.389,9.12,-1.394,11.0,0.6
1020.0,0.2,-0.0,7.389,7.14,-0.334,8.0,0.61
1022.0,0.2,-0.0,7.389,10.63,1.169,10.0,0.61
1024.0,0.2,-0.0,7.389,11.38,-0.136,12.0,0.6
1026.0,0.2,-0.0,7.389,10.18,-1.355,12.0,0.59
1028.0,0.2,-0.0,7.389,8.12,-0.471,9.0,0.58
1030.0,0.2,-0.0,7.389,10.12,-2.419,13.0,0.59
1032.0,0.2,-0.0,7.389,10.15,-2.293,13.0,0.61
1034.0,0.2,-0.0,7.389,11.38,-1.015,13.0,0.62
1036.0,0.2,-0.0,7.389,7.11,-3.308,11.0,0.62
1038.0,0.2,-0.0,7.389,10.29,-1.1,12.0,0.62
1040.0,0.201,0.017,6.785,5.43,-0.917,7.0,0.63
1042.0,0.201,-0.003,7.389,6.85,-1.494,9.0,0.63
1044.0,0.201,-0.002,7.389,5.73,0.272,6.0,0.61
1046.0,0.201,-0.002,7.389,6.82,0.341,7.0,0.6
1048.0,0.2,-0.002,7.389,9.15,-1.41,11.0,0.59
1050.0,0.202,0.022,6.595,4.55,-3.046,8.0,0.58
1052.0,0.201,-0.005,7.389,7.71,0.18,8.0,0.59
1054.0,0.201,-0.004,7.389,12.54,0.037,13.0,0.6
1056.0,0.201,-0.003,7.389,7.88,-2.563,11.0,0.61
1058.0,0.201,-0.003,7.389,10.23,-1.237,12.0,0.61
1060.0,0.201,-0.002,7.389,12.49,-0.048,13.0,0.59
1062.0,0.201,-0.002,7.389,7.55,-1.024,9.0,0.59
1064.0,0.201,-0.002,7.389,6.53,-3.006,10.0,0.59
1066.0,0.2,-0.002,7.389,8.98,-1.465,11.0,0.61
1068.0,0.2,-0.001,7.389,11.72,0.225,12.0,0.6
1070.0,0.2,-0.001,7.389,8.92,-0.651,10.0,0.59
1072.0,0.2,-0.001,7.389,10.83,0.192,11.0,0.57
1074.0,0.2,-0.001,7.389,8.59,0.042,9.0,0.59
1076.0,0.2,-0.001,7.389,8.74,-1.757,11.0,0.6
1078.0,0.2,-0.001,7.389,8.28,-0.269,9.0,0.59
1080.0,0.208,0.148,3.561,3.45,-3.11,7.0,0.59
1082.0,0.206,-0.023,7.389,8.83,-1.723,11.0,0.59
1084.0,0.205,-0.019,7.389,11.28,-4.27,16.0,0.59
1086.0,0.23,0.5,0.793,-0.84,-7.373,7.0,0.59
1088.0,0.23,-0.01,5.201,4.66,-1.906,7.0,0.59
1090.0,0.225,-0.09,7.389,8.63,-1.851,11.0,0.6
1092.0,0.222,-0.076,7.389,8.02,-1.55,10.0,0.59
1094.0,0.218,-0.065,7.389,8.03,-1.608,10.0,0.57
1096.0,0.216,-0.055,7.389,11.61,0.026,12.0,0.58
1098.0,0.213,-0.047,7.389,14.54,0.061,15.0,0.6
1100.0,0.211,-0.04,7.389,11.07,-0.435,12.0,0.6
1102.0,0.21,-0.034,7.389,13.45,-0.097,14.0,0.59
1104.0,0.208,-0.029,7.389,12.69,0.178,13.0,0.6
1106.0,0.207,-0.025,7.389,9.7,-0.825,11.0,0.59
1108.0,0.206,-0.021,7.389,9.3,-0.251,10.0,0.59
1110.0,0.205,-0.018,7.389,7.73,0.161,8.0,0.59
1112.0,0.204,-0.015,7.389,8.5,-0.087,9.0,0.58
1114.0,0.205,0.009,6.639,5.35,-2.3,8.0,0.57
1116.0,0.204,-0.014,7.389,9.29,-0.237,10.0,0.6
1118.0,0.203,-0.012,7.389,8.85,-1.623,11.0,0.6
1120.0,0.203,-0.01,7.389,10.81,-0.762,12.0,0.59
1122.0,0.202,-0.009,7.389,11.56,-1.032,13.0,0.58
1124.0,0.202,-0.007,7.389,15.55,-0.968,17.0,0.6
1126.0,0.204,0.035,6.048,4.64,-0.911,6.0,0.59
1128.0,0.203,-0.012,7.389,14.6,2.0,13.0,0.58
1130.0,0.203,-0.01,7.389,9.58,-0.008,10.0,0.58
1132.0,0.202,-0.008,7.389,9.76,0.212,10.0,0.59
1134.0,0.202,-0.007,7.389,7.62,0.065,8.0,0.59
1136.0,0.202,-0.006,7.389,8.05,-2.492,11.0,0.59
1138.0,0.201,-0.005,7.389,10.15,-2.377,13.0,0.59
1140.0,0.201,-0.004,7.389,10.31,0.851,10.0,0.61
1142.0,0.201,-0.004,7.389,8.79,-1.748,11.0,0.59
1144.0,0.201,-0.003,7.389,6.36,-3.166,10.0,0.59
1146.0,0.201,-0.003,7.389,9.73,0.149,10.0,0.58
1148.0,0.201,-0.002,7.389,11.45,-0.092,12.0,0.59
1150.0,0.201,-0.002,7.389,12.49,-0.077,13.0,0.59
1152.0,0.2,-0.002,7.389,10.79,-0.764,12.0,0.59
1154.0,0.2,-0.001,7.389,10.8,-0.687,12.0,0.6
1156.0,0.202,0.034,6.242,4.48,-1.982,7.0,0.61
1158.0,0.202,-0.006,7.389,10.61,0.174,11.0,0.61
1160.0,0.202,-0.005,7.389,8.26,-2.256,11.0,0.6
1162.0,0.201,-0.005,7.389,11.77,-0.739,13.0,0.6
1164.0,0.201,-0.004,7.389,8.5,-1.028,10.0,0.6
1166.0,0.201,-0.003,7.389,7.69,0.101,8.0,0.58
1168.0,0.201,-0.003,7.389,6.32,-3.29,10.0,0.58
1170.0,0.201,-0.002,7.389,4.61,-2.842,8.0,0.61
1172.0,0.201,-0.002,7.389,6.52,-1.909,9.0,0.61
1174.0,0.201,-0.002,7.389,11.38,0.007,12.0,0.62
1176.0,0.2,-0.002,7.389,11.66,0.115,12.0,0.59
1178.0,0.2,-0.001,7.389,9.55,-2.959,13.0,0.6
1180.0,0.2,-0.001,7.389,10.79,-2.619,14.0,0.62
1182.0,0.2,-0.001,7.389,14.45,-0.036,15.0,0.6
1184.0,0.2,-0.001,7.389,11.75,-1.766,14.0,0.6
1186.0,0.2,-0.001,7.389,7.26,-4.324,12.0,0.58
1188.0,0.2,-0.001,7.389,7.65,-2.903,11.0,0.59
1190.0,0.2,-0.001,7.389,11.0,-0.54,12.0,0.59
1192.0,0.2,-0.0,7.389,10.61,0.093,11.0,0.6
1194.0,0.2,-0.0,7.389,7.56,-1.87,10.0,0.61
1196.0,0.208,0.161,3.342,3.28,-5.228,9.0,0.6
1198.0,0.226,0.365,1.33,0.42,-10.216,11.0,0.57
1200.0,0.222,-0.079,7.389,8.91,-1.571,11.0,0.6
1202.0,0.219,-0.067,7.389,5.67,-2.825,9.0,0.6
1204.0,0.231,0.241,2.043,1.46,-3.153,5.0,0.58
1206.0,0.23,-0.018,5.346,4.53,-2.188,7.0,0.56
1208.0,0.226,-0.09,7.389,5.04,-2.587,8.0,0.57
1210.0,0.222,-0.077,7.389,9.72,-2.847,13.0,0.59
1212.0,0.219,-0.066,7.389,6.31,-3.22,10.0,0.59
1214.0,0.22,0.027,5.085,4.41,-1.138,6.0,0.59
1216.0,0.217,-0.06,7.389,5.74,-1.966,8.0,0.56
1218.0,0.219,0.046,4.741,4.43,-1.178,6.0,0.58
1220.0,0.216,-0.058,7.389,9.48,-0.064,10.0,0.59
1222.0,0.217,0.008,5.705,4.45,-4.055,9.0,0.6
1224.0,0.214,-0.05,7.389,11.8,-0.749,13.0,0.59
1226.0,0.212,-0.043,7.389,5.82,-4.773,11.0,0.58
1228.0,0.21,-0.036,7.389,9.92,-2.6,13.0,0.6
1230.0,0.209,-0.031,7.389,8.24,-3.193,12.0,0.61
1232.0,0.207,-0.026,7.389,11.69,-0.773,13.0,0.61
1234.0,0.206,-0.022,7.389,9.56,0.131,10.0,0.61
1236.0,0.205,-0.019,7.389,8.73,0.231,9.0,0.6
1238.0,0.205,-0.016,7.389,8.61,0.006,9.0,0.58
1240.0,0.204,-0.014,7.389,8.08,-1.539,10.0,0.58
1242.0,0.203,-0.012,7.389,6.08,-3.484,10.0,0.59
1244.0,0.203,-0.01,7.389,14.5,-0.068,15.0,0.59
1246.0,0.202,-0.008,7.389,8.16,-1.33,10.0,0.6
1248.0,0.202,-0.007,7.389,10.7,0.187,11.0,0.6
1250.0,0.202,-0.006,7.389,9.13,-1.414,11.0,0.59
1252.0,0.201,-0.005,7.389,7.38,-1.176,9.0,0.59
1254.0,0.201,-0.004,7.389,12.81,0.217,13.0,0.58
1256.0,0.201,-0.003,7.389,5.6,0.086,6.0,0.6
1258.0,0.202,0.019,6.633,4.8,-1.659,7.0,0.61
1260.0,0.202,-0.006,7.389,7.01,-2.517,10.0,0.6
1262.0,0.201,-0.005,7.389,8.53,-3.051,12.0,0.58
1264.0,0.201,-0.004,7.389,12.72,-0.899,14.0,0.58
1266.0,0.201,-0.004,7.389,7.04,-3.532,11.0,0.59
1268.0,0.201,-0.003,7.389,9.81,-0.786,11.0,0.58
1270.0,0.201,-0.003,7.389,7.53,-1.06,9.0,0.58
1272.0,0.201,-0.002,7.389,7.41,-0.15,8.0,0.59
1274.0,0.201,-0.002,7.389,16.53,1.008,16.0,0.6
1276.0,0.207,0.131,3.845,3.77,-3.759,8.0,0.59
1278.0,0.206,-0.021,7.389,7.79,0.227,8.0,0.59
1280.0,0.205,-0.018,7.389,7.61,1.016,7.0,0.58
1282.0,0.204,-0.015,7.389,10.6,-0.034,11.0,0.57
1284.0,0.207,0.059,5.212,4.41,-3.132,8.0,0.59
1286.0,0.206,-0.022,7.389,12.77,1.277,12.0,0.6
1288.0,0.205,-0.019,7.389,6.07,-1.421,8.0,0.6
1290.0,0.205,-0.016,7.389,14.49,0.911,14.0,0.58
1292.0,0.204,-0.014,7.389,11.83,-0.643,13.0,0.61
1294.0,0.203,-0.012,7.389,12.88,-0.662,14.0,0.59
1296.0,0.203,-0.01,7.389,9.62,-1.045,11.0,0.57
1298.0,0.202,-0.008,7.389,10.15,-2.555,13.0,0.56
1300.0,0.202,-0.007,7.389,10.34,-2.298,13.0,0.57
1302.0,0.202,-0.006,7.389,10.46,-0.122,11.0,0.58
1304.0,0.201,-0.005,7.389,10.06,-2.504,13.0,0.59
1306.0,0.201,-0.004,7.389,15.48,-1.036,17.0,0.6
1308.0,0.201,-0.004,7.389,10.4,-1.11,12.0,0.6
1310.0,0.201,-0.003,7.389,8.13,-1.448,10.0,0.58
1312.0,0.201,-0.003,7.389,9.78,-2.841,13.0,0.58
1314.0,0.201,-0.002,7.389,12.35,-0.232,13.0,0.58
1316.0,0.201,-0.002,7.389,8.25,-1.327,10.0,0.59
1318.0,0.2,-0.002,7.389,9.99,-0.637,11.0,0.57
1320.0,0.2,-0.001,7.389,10.71,1.056,10.0,0.57
1322.0,0.2,-0.001,7.389,10.59,-0.025,11.0,0.58
1324.0,0.2,-0.001,7.389,6.0,-4.531,11.0,0.59
1326.0,0.2,-0.0,7.389,5.21,-3.385,9.0,0.58
1328.0,0.206,0.107,4.442,2.55,-4.048,7.0,0.58
1330.0,0.205,-0.017,7.389,7.17,-3.338,11.0,0.6
1332.0,0.204,-0.014,7.389,10.35,-0.107,11.0,0.61
1334.0,0.203,-0.012,7.389,10.1,-0.494,11.0,0.58
1336.0,0.203,-0.01,7.389,14.46,0.799,14.0,0.57
1338.0,0.202,-0.009,7.389,12.91,-0.765,14.0,0.57
1340.0,0.202,-0.007,7.389,9.12,-1.48,11.0,0.58
1342.0,0.202,-0.006,7.389,5.87,-2.661,9.0,0.59
1344.0,0.202,-0.005,7.389,10.15,-2.346,13.0,0.6
1346.0,0.201,-0.005,7.389,7.4,-1.027,9.0,0.61
1348.0,0.201,-0.004,7.389,10.93,-1.485,13.0,0.62
1350.0,0.201,-0.003,7.389,10.42,-2.008,13.0,0.61
1352.0,0.201,-0.003,7.389,10.12,-0.326,11.0,0.61
1354.0,0.201,-0.002,7.389,9.25,-1.275,11.0,0.59
1356.0,0.204,0.068,5.223,4.66,-4.986,10.0,0.57
1358.0,0.217,0.25,2.155,1.83,-1.791,4.0,0.58
1360.0,0.214,-0.05,7.389,10.69,0.044,11.0,0.57
1362.0,0.212,-0.042,7.389,7.9,-0.727,9.0,0.58
1364.0,0.21,-0.036,7.389,8.34,-3.204,12.0,0.59
1366.0,0.209,-0.031,7.389,14.48,0.938,14.0,0.59
1368.0,0.207,-0.026,7.389,10.39,-0.186,11.0,0.58
1370.0,0.206,-0.022,7.389,14.4,-2.139,17.0,0.59
1372.0,0.205,-0.019,7.389,7.34,-3.172,11.0,0.6
1374.0,0.214,0.177,2.947,2.87,-3.635,7.0,0.6
1376.0,0.212,-0.043,7.389,8.76,-0.713,10.0,0.61
1378.0,0.21,-0.036,7.389,9.57,-1.939,12.0,0.6
1380.0,0.209,-0.031,7.389,13.52,2.0,12.0,0.6
1382.0,0.223,0.28,1.848,1.38,-5.255,7.0,0.57
1384.0,0.219,-0.068,7.389,5.89,-1.793,8.0,0.56
1386.0,0.216,-0.058,7.389,12.0,-0.576,13.0,0.59
1388.0,0.214,-0.049,7.389,10.71,-0.89,12.0,0.58
1390.0,0.212,-0.042,7.389,6.61,-3.983,11.0,0.58
1392.0,0.21,-0.036,7.389,7.61,0.023,8.0,0.58
1394.0,0.209,-0.03,7.389,5.17,-2.402,8.0,0.59
1396.0,0.207,-0.026,7.389,16.9,0.393,17.0,0.6
1398.0,0.206,-0.022,7.389,8.79,-3.722,13.0,0.6
1400.0,0.212,0.113,3.928,3.84,-2.755,7.0,0.58
1402.0,0.218,0.112,3.732,3.22,-1.341,5.0,0.59
1404.0,0.215,-0.052,7.389,5.75,-1.824,8.0,0.58
1406.0,0.213,-0.045,7.389,6.95,-3.66,11.0,0.58
1408.0,0.211,-0.038,7.389,9.29,0.723,9.0,0.59
1410.0,0.209,-0.032,7.389,9.05,-0.49,10.0,0.59
1412.0,0.215,0.107,3.921,3.63,-2.946,7.0,0.58
1414.0,0.212,-0.043,7.389,8.02,-2.639,11.0,0.57
1416.0,0.212,-0.004,6.347,4.84,-3.72,9.0,0.59
1418.0,0.223,0.218,2.335,2.02,-4.538,7.0,0.59
1420.0,0.22,-0.069,7.389,9.81,-0.73,11.0,0.59
1422.0,0.217,-0.058,7.389,4.95,-0.618,6.0,0.59
1424.0,0.214,-0.05,7.389,5.76,-2.842,9.0,0.58
1426.0,0.212,-0.042,7.389,6.12,-3.468,10.0,0.58
1428.0,0.21,-0.036,7.389,9.8,-0.695,11.0,0.6
1430.0,0.209,-0.031,7.389,9.59,0.153,10.0,0.61
1432.0,0.207,-0.026,7.389,6.82,-4.606,12.0,0.62
1434.0,0.206,-0.022,7.389,12.68,0.261,13.0,0.62
1436.0,0.205,-0.019,7.389,8.65,1.149,8.0,0.6
1438.0,0.205,-0.016,7.389,7.52,-1.051,9.0,0.59
1440.0,0.204,-0.014,7.389,9.32,0.72,9.0,0.58
1442.0,0.203,-0.011,7.389,5.28,-0.315,6.0,0.58
1444.0,0.203,-0.01,7.389,8.56,0.011,9.0,0.59
1446.0,0.202,-0.008,7.389,10.76,0.102,11.0,0.57
1448.0,0.202,-0.007,7.389,7.72,-0.989,9.0,0.56
1450.0,0.202,-0.006,7.389,8.6,0.02,9.0,0.58
1452.0,0.201,-0.005,7.389,6.61,-2.979,10.0,0.58
1454.0,0.201,-0.004,7.389,8.23,-2.435,11.0,0.57
1456.0,0.201,-0.004,7.389,8.71,0.065,9.0,0.57
1458.0,0.201,-0.003,7.389,5.51,-2.05,8.0,0.59
1460.0,0.212,0.212,2.651,2.06,-3.44,6.0,0.6
1462.0,0.21,-0.035,7.389,12.31,-1.183,14.0,0.6
1464.0,0.208,-0.029,7.389,11.6,0.112,12.0,0.6
1466.0,0.207,-0.025,7.389,10.27,-2.125,13.0,0.62
1468.0,0.206,-0.021,7.389,11.59,0.114,12.0,0.6
1470.0,0.205,-0.018,7.389,9.76,0.133,10.0,0.57
1472.0,0.204,-0.015,7.389,10.72,0.123,11.0,0.58
1474.0,0.204,-0.013,7.389,11.35,-0.209,12.0,0.59
1476.0,0.203,-0.011,7.389,14.59,0.092,15.0,0.6
1478.0,0.203,-0.009,7.389,5.74,-1.796,8.0,0.59
1480.0,0.202,-0.008,7.389,12.05,-0.568,13.0,0.58
1482.0,0.202,-0.007,7.389,5.85,-2.796,9.0,0.57
1484.0,0.202,-0.006,7.389,6.04,-1.579,8.0,0.58
1486.0,0.201,-0.005,7.389,11.55,1.054,11.0,0.6
1488.0,0.201,-0.004,7.389,8.84,-2.63,12.0,0.61
1490.0,0.201,-0.004,7.389,11.52,2.0,10.0,0.6
1492.0,0.201,-0.003,7.389,7.77,-0.71,9.0,0.6
1494.0,0.201,-0.003,7.389,13.56,-0.906,15.0,0.61
1496.0,0.201,-0.002,7.389,10.51,-1.005,12.0,0.6
1498.0,0.201,-0.002,7.389,6.55,-2.955,10.0,0.6
1500.0,0.2,-0.002,7.389,7.33,-3.202,11.0,0.59
1502.0,0.2,-0.001,7.389,8.69,-1.914,11.0,0.58
1504.0,0.2,-0.001,7.389,8.01,-3.553,12.0,0.59
1506.0,0.2,-0.001,7.389,10.69,-2.764,14.0,0.61
1508.0,0.2,-0.001,7.389,9.79,-2.778,13.0,0.59
1510.0,0.2,-0.001,7.389,8.6,-0.932,10.0,0.59
1512.0,0.2,-0.001,7.389,10.1,-1.418,12.0,0.6
1514.0,0.2,-0.001,7.389,13.22,-0.377,14.0,0.58
1516.0,0.211,0.224,2.514,2.13,-3.512,6.0,0.57
1518.0,0.21,-0.034,7.389,8.86,-0.763,10.0,0.58
1520.0,0.208,-0.029,7.389,13.48,-0.151,14.0,0.57
1522.0,0.207,-0.025,7.389,15.72,0.101,16.0,0.58
1524.0,0.206,-0.021,7.389,12.78,0.147,13.0,0.57
1526.0,0.205,-0.018,7.389,13.64,0.081,14.0,0.59
1528.0,0.204,-0.015,7.389,12.81,0.275,13.0,0.59
1530.0,0.204,-0.013,7.389,9.86,-1.665,12.0,0.6
1532.0,0.203,-0.011,7.389,8.8,-3.792,13.0,0.58
1534.0,0.203,-0.009,7.389,8.26,-3.375,12.0,0.57
1536.0,0.202,-0.008,7.389,5.73,-1.857,8.0,0.58
1538.0,0.202,-0.007,7.389,11.23,-0.329,12.0,0.59
1540.0,0.202,-0.006,7.389,11.2,-2.299,14.0,0.6
1542.0,0.201,-0.005,7.389,8.6,-0.872,10.0,0.61
1544.0,0.206,0.093,4.605,3.66,-4.876,9.0,0.59
1546.0,0.208,0.048,5.395,3.91,-2.636,7.0,0.59
1548.0,0.207,-0.025,7.389,8.64,1.036,8.0,0.58
1550.0,0.206,-0.022,7.389,10.45,-0.071,11.0,0.6
1552.0,0.205,-0.018,7.389,7.39,-2.165,10.0,0.59
1554.0,0.204,-0.015,7.389,6.79,-1.813,9.0,0.58
1556.0,0.218,0.264,2.109,1.07,-5.526,7.0,0.58
1558.0,0.215,-0.053,7.389,15.46,0.974,15.0,0.6
1560.0,0.213,-0.045,7.389,8.37,-1.027,10.0,0.62
1562.0,0.211,-0.038,7.389,8.67,-0.869,10.0,0.59
1564.0,0.209,-0.032,7.389,12.58,2.0,11.0,0.58
1566.0,0.208,-0.028,7.389,11.36,-1.173,13.0,0.59
1568.0,0.207,-0.023,7.389,9.69,-1.919,12.0,0.58
1570.0,0.206,-0.02,7.389,14.71,0.024,15.0,0.56
1572.0,0.205,-0.017,7.389,14.01,0.318,14.0,0.56
1574.0,0.204,-0.014,7.389,14.83,-1.778,17.0,0.58
1576.0,0.203,-0.012,7.389,9.64,-2.006,12.0,0.57
1578.0,0.203,-0.01,7.389,10.68,-0.922,12.0,0.58
1580.0,0.203,-0.009,7.389,11.22,-0.288,12.0,0.6
1582.0,0.202,-0.007,7.389,8.16,-2.338,11.0,0.6
1584.0,0.202,-0.006,7.389,12.57,-0.041,13.0,0.58
1586.0,0.202,-0.005,7.389,9.69,0.05,10.0,0.57
1588.0,0.201,-0.005,7.389,10.61,0.033,11.0,0.59
1590.0,0.217,0.317,1.68,0.92,-2.645,4.0,0.59
1592.0,0.218,0.01,5.62,3.81,-1.786,6.0,0.58
1594.0,0.215,-0.053,7.389,11.47,2.0,10.0,0.61
1596.0,0.213,-0.045,7.389,7.78,-2.711,11.0,0.6
1598.0,0.215,0.053,4.887,3.29,-5.288,9.0,0.58
1600.0,0.213,-0.046,7.389,9.81,0.143,10.0,0.57
1602.0,0.211,-0.039,7.389,6.49,-0.162,7.0,0.57
1604.0,0.209,-0.033,7.389,6.36,-1.213,8.0,0.59
1606.0,0.208,-0.028,7.389,6.21,-0.328,7.0,0.59
1608.0,0.207,-0.024,7.389,6.82,-1.776,9.0,0.58
1610.0,0.215,0.168,3.031,2.87,-3.768,7.0,0.57
1612.0,0.242,0.534,0.689,-1.39,-6.999,6.0,0.58
1614.0,0.236,-0.126,7.389,7.44,-2.023,10.0,0.61
1616.0,0.23,-0.107,7.389,9.13,0.844,9.0,0.64
1618.0,0.226,-0.091,7.389,7.97,-1.48,10.0,0.61
1620.0,0.222,-0.077,7.389,7.58,0.054,8.0,0.59
1622.0,0.219,-0.066,7.389,11.89,-0.61,13.0,0.6
1624.0,0.216,-0.056,7.389,7.29,-1.252,9.0,0.59
1626.0,0.213,-0.047,7.389,11.2,-1.465,13.0,0.57
1628.0,0.211,-0.04,7.389,9.24,-1.378,11.0,0.58
1630.0,0.21,-0.034,7.389,9.32,0.767,9.0,0.59
1632.0,0.208,-0.029,7.389,7.67,-1.863,10.0,0.59
1634.0,0.207,-0.025,7.389,10.64,-0.843,12.0,0.6
1636.0,0.206,-0.021,7.389,12.65,1.05,12.0,0.58
1638.0,0.208,0.037,5.672,4.61,-1.964,7.0,0.58
1640.0,0.207,-0.023,7.389,7.62,-1.007,9.0,0.57
1642.0,0.221,0.279,1.905,1.2,-3.418,5.0,0.58
1644.0,0.226,0.111,3.411,3.44,-4.146,8.0,0.58
1646.0,0.222,-0.078,7.389,5.78,-0.846,7.0,0.57
1648.0,0.219,-0.067,7.389,6.92,-2.746,10.0,0.57
1650.0,0.216,-0.057,7.389,7.16,-2.528,10.0,0.56
1652.0,0.214,-0.048,7.389,8.31,-4.326,13.0,0.57
1654.0,0.212,-0.041,7.389,14.63,0.081,15.0,0.59
1656.0,0.21,-0.035,7.389,16.39,-0.04,17.0,0.61
1658.0,0.208,-0.03,7.389,8.49,-2.031,11.0,0.6
1660.0,0.207,-0.025,7.389,8.68,-1.694,11.0,0.63
1662.0,0.213,0.121,3.807,2.65,-3.795,7.0,0.61
1664.0,0.211,-0.04,7.389,7.69,-1.937,10.0,0.57
1666.0,0.21,-0.034,7.389,12.52,0.947,12.0,0.59
1668.0,0.208,-0.029,7.389,8.74,-0.841,10.0,0.58
1670.0,0.207,-0.024,7.389,13.6,-1.016,15.0,0.58
1672.0,0.206,-0.021,7.389,11.72,-1.873,14.0,0.58
1674.0,0.205,-0.018,7.389,12.68,-1.939,15.0,0.58
1676.0,0.207,0.046,5.546,3.77,-5.681,10.0,0.61
1678.0,0.206,-0.022,7.389,7.4,-1.059,9.0,0.61
1680.0,0.205,-0.019,7.389,9.87,-0.637,11.0,0.6
1682.0,0.204,-0.016,7.389,11.27,-0.239,12.0,0.6
1684.0,0.204,-0.013,7.389,6.98,-3.586,11.0,0.59
1686.0,0.203,-0.011,7.389,8.83,-2.714,12.0,0.59
1688.0,0.203,-0.01,7.389,14.63,0.225,15.0,0.62
1690.0,0.202,-0.008,7.389,15.75,-0.677,17.0,0.61
1692.0,0.202,-0.007,7.389,8.19,-5.267,14.0,0.61
1694.0,0.202,-0.006,7.389,6.47,-3.042,10.0,0.6
1696.0,0.201,-0.005,7.389,8.49,-0.091,9.0,0.58
1698.0,0.201,-0.004,7.389,9.48,-0.024,10.0,0.6
1700.0,0.201,-0.004,7.389,11.4,-1.093,13.0,0.6
1702.0,0.201,-0.003,7.389,14.32,-2.167,17.0,0.6
1704.0,0.201,-0.003,7.389,7.39,-3.118,11.0,0.6
1706.0,0.207,0.125,3.952,3.62,-1.942,6.0,0.59
1708.0,0.206,-0.021,7.389,7.31,-2.242,10.0,0.59
1710.0,0.205,-0.018,7.389,6.68,-0.798,8.0,0.6
1712.0,0.204,-0.015,7.389,6.2,-1.285,8.0,0.6
1714.0,0.204,-0.013,7.389,5.47,-5.106,11.0,0.59
1716.0,0.212,0.158,3.319,2.52,-3.017,6.0,0.59
1718.0,0.21,-0.035,7.389,7.42,-2.156,10.0,0.58
1720.0,0.213,0.056,4.945,4.47,-2.178,7.0,0.57
1722.0,0.212,-0.01,6.492,5.33,-4.276,10.0,0.58
1724.0,0.21,-0.034,7.335,5.25,-3.123,9.0,0.63
1726.0,0.209,-0.031,7.389,6.24,-0.004,7.0,0.65
1728.0,0.208,-0.027,7.389,10.98,-0.433,12.0,0.62
1730.0,0.206,-0.022,7.389,5.5,-2.185,8.0,0.56
1732.0,0.205,-0.019,7.389,6.6,-3.054,10.0,0.57
1734.0,0.205,-0.016,7.389,12.08,-2.562,15.0,0.57
1736.0,0.204,-0.014,7.389,13.71,-0.867,15.0,0.58
1738.0,0.203,-0.012,7.389,12.1,-1.4,14.0,0.6
1740.0,0.203,-0.01,7.389,11.2,-2.234,14.0,0.61
1742.0,0.202,-0.008,7.389,5.74,-4.755,11.0,0.6
1744.0,0.202,-0.007,7.389,6.64,-1.977,9.0,0.58
1746.0,0.202,-0.006,7.389,11.74,-0.789,13.0,0.59
1748.0,0.202,-0.005,7.389,13.51,-1.022,15.0,0.59
1750.0,0.201,-0.004,7.389,7.61,-3.997,12.0,0.58
1752.0,0.201,-0.004,7.389,9.45,-3.067,13.0,0.6
1754.0,0.201,-0.003,7.389,7.96,-2.436,11.0,0.62
1756.0,0.21,0.18,3.018,3.13,-3.191,7.0,0.64
1758.0,0.208,-0.03,7.389,9.38,-2.989,13.0,0.63
1760.0,0.207,-0.025,7.389,6.84,-1.651,9.0,0.6
1762.0,0.206,-0.022,7.389,10.98,-0.515,12.0,0.6
1764.0,0.205,-0.018,7.389,11.52,-0.809,13.0,0.63
1766.0,0.204,-0.016,7.389,10.79,-0.493,12.0,0.64
1768.0,0.204,-0.013,7.389,10.13,2.0,9.0,0.67
1770.0,0.203,-0.011,7.389,10.87,0.743,11.0,0.67
1772.0,0.203,-0.01,7.389,19.28,1.072,19.0,0.66
1774.0,0.202,-0.008,7.389,12.97,0.763,13.0,0.66
1776.0,0.202,-0.007,7.389,10.21,0.861,10.0,0.63
1778.0,0.202,-0.006,7.389,8.02,-1.477,10.0,0.6
1780.0,0.203,0.03,6.25,4.23,-3.063,8.0,0.64
1782.0,0.203,-0.009,7.389,12.62,-1.697,15.0,0.64
1784.0,0.202,-0.008,7.389,13.38,0.064,14.0,0.64
1786.0,0.202,-0.007,7.389,9.23,0.88,9.0,0.63
1788.0,0.206,0.076,4.99,3.45,-5.921,10.0,0.63
1790.0,0.23,0.484,0.863,-0.96,-6.256,6.0,0.64
1792.0,0.225,-0.09,7.389,15.16,2.0,14.0,0.67
1794.0,0.222,-0.076,7.389,12.2,-0.995,14.0,0.66
1796.0,0.218,-0.065,7.389,11.5,0.078,12.0,0.62
1798.0,0.216,-0.055,7.389,8.88,-2.543,12.0,0.61
1800.0,0.213,-0.047,7.389,13.15,-1.262,15.0,0.62
1802.0,0.211,-0.04,7.389,12.28,0.845,12.0,0.61
1804.0,0.21,-0.034,7.389,12.63,-1.762,15.0,0.62
1806.0,0.208,-0.029,7.389,9.56,-2.826,13.0,0.62
1808.0,0.207,-0.024,7.389,11.2,-2.131,14.0,0.63
1810.0,0.206,-0.021,7.389,7.26,0.056,8.0,0.66
1812.0,0.205,-0.018,7.389,8.35,0.192,9.0,0.67
1814.0,0.204,-0.015,7.389,11.17,0.971,11.0,0.66
1816.0,0.204,-0.013,7.389,10.4,0.227,11.0,0.67
1818.0,0.203,-0.011,7.389,10.89,-2.27,14.0,0.67
1820.0,0.203,-0.005,7.248,5.28,-2.0,8.0,0.64
1822.0,0.202,-0.008,7.389,5.96,-2.423,9.0,0.62
1824.0,0.202,-0.007,7.389,11.39,2.0,10.0,0.62
1826.0,0.202,-0.006,7.389,7.2,-1.12,9.0,0.64
1828.0,0.201,-0.005,7.389,12.53,-0.764,14.0,0.64
1830.0,0.201,-0.004,7.389,7.62,-0.767,9.0,0.62
1832.0,0.201,-0.004,7.389,7.46,-1.974,10.0,0.61
1834.0,0.201,-0.003,7.389,11.59,-0.827,13.0,0.62
1836.0,0.201,-0.002,7.389,5.13,-5.236,11.0,0.63
1838.0,0.201,-0.002,7.389,5.86,-4.514,11.0,0.63
1840.0,0.203,0.039,6.032,4.73,-4.715,10.0,0.61
1842.0,0.202,-0.008,7.389,7.41,-2.071,10.0,0.6
1844.0,0.202,-0.007,7.389,11.42,-0.102,12.0,0.6
1846.0,0.212,0.2,2.821,1.85,-3.705,6.0,0.59
1848.0,0.222,0.207,2.446,2.26,-3.295,6.0,0.59
1850.0,0.236,0.281,1.765,0.7,-4.745,6.0,0.61
1852.0,0.231,-0.109,7.389,15.38,-0.087,16.0,0.61
1854.0,0.226,-0.093,7.389,12.59,-3.971,17.0,0.59
1856.0,0.222,-0.078,7.389,6.27,-3.341,10.0,0.58
1858.0,0.219,-0.066,7.389,4.18,-4.382,9.0,0.59
1860.0,0.216,-0.057,7.389,9.66,-1.922,12.0,0.58
1862.0,0.214,-0.048,7.389,12.18,-1.269,14.0,0.61
1864.0,0.212,-0.041,7.389,9.99,-0.374,11.0,0.63
1866.0,0.21,-0.035,7.389,10.35,-0.029,11.0,0.62
1868.0,0.208,-0.03,7.389,11.56,-0.734,13.0,0.64
1870.0,0.207,-0.025,7.389,10.03,-0.278,11.0,0.64
1872.0,0.206,-0.022,7.389,10.39,-1.069,12.0,0.61
1874.0,0.205,-0.018,7.389,11.35,-0.198,12.0,0.59
1876.0,0.204,-0.016,7.389,9.37,-0.043,10.0,0.62
1878.0,0.204,-0.013,7.389,15.36,1.102,15.0,0.65
1880.0,0.203,-0.011,7.389,14.27,0.048,15.0,0.66
1882.0,0.203,-0.01,7.389,14.27,0.984,14.0,0.64
1884.0,0.202,-0.008,7.389,13.62,0.31,14.0,0.64
1886.0,0.202,-0.007,7.389,8.24,-0.119,9.0,0.63
1888.0,0.202,-0.006,7.389,7.36,-0.024,8.0,0.62
1890.0,0.201,-0.005,7.389,14.28,0.936,14.0,0.63
1892.0,0.201,-0.004,7.389,7.99,0.733,8.0,0.65
1894.0,0.201,-0.004,7.389,8.34,0.121,9.0,0.66
1896.0,0.201,-0.003,7.389,15.11,-0.089,16.0,0.66
1898.0,0.201,-0.003,7.389,12.36,1.048,12.0,0.64
1900.0,0.201,-0.002,7.389,11.36,0.038,12.0,0.64
1902.0,0.201,-0.002,7.389,8.95,-1.292,11.0,0.65
1904.0,0.2,-0.002,7.389,12.45,0.202,13.0,0.65
1906.0,0.2,-0.001,7.389,6.08,-3.309,10.0,0.62
1908.0,0.2,-0.001,7.389,8.36,-1.024,10.0,0.62
1910.0,0.217,0.339,1.535,0.78,-3.656,5.0,0.61
1912.0,0.215,-0.052,7.389,8.62,-0.803,10.0,0.62
1914.0,0.212,-0.044,7.389,11.44,-0.934,13.0,0.62
1916.0,0.211,-0.037,7.389,10.49,-0.936,12.0,0.62
1918.0,0.209,-0.032,7.389,10.35,-1.129,12.0,0.6
1920.0,0.208,-0.027,7.389,11.88,-0.582,13.0,0.61
1922.0,0.207,-0.023,7.389,7.83,-2.626,11.0,0.61
1924.0,0.206,-0.02,7.389,10.14,-1.245,12.0,0.62
1926.0,0.205,-0.017,7.389,7.52,-2.792,11.0,0.64
1928.0,0.204,-0.014,7.389,9.3,-2.993,13.0,0.64
1930.0,0.203,-0.012,7.389,7.42,-2.853,11.0,0.65
1932.0,0.203,-0.01,7.389,15.44,0.094,16.0,0.63
1934.0,0.202,-0.009,7.389,13.48,1.072,13.0,0.62
1936.0,0.202,-0.007,7.389,12.54,0.196,13.0,0.63
1938.0,0.202,-0.006,7.389,14.39,0.05,15.0,0.63
1940.0,0.202,-0.005,7.389,16.42,0.041,17.0,0.62
1942.0,0.201,-0.005,7.389,15.78,-0.508,17.0,0.64
1944.0,0.201,-0.004,7.389,16.21,0.935,16.0,0.65
1946.0,0.201,-0.003,7.389,16.44,1.115,16.0,0.64
1948.0,0.201,-0.003,7.389,12.53,1.208,12.0,0.64
1950.0,0.201,-0.002,7.389,14.22,-0.067,15.0,0.64
1952.0,0.201,-0.002,7.389,17.17,0.853,17.0,0.64
1954.0,0.2,-0.002,7.389,14.34,0.958,14.0,0.62
1956.0,0.2,-0.001,7.389,18.33,2.0,17.0,0.63
1958.0,0.2,-0.001,7.389,5.52,-4.939,11.0,0.61
1960.0,0.208,0.154,3.457,3.43,-6.012,10.0,0.61
1962.0,0.207,-0.024,7.389,14.88,-1.537,17.0,0.62
1964.0,0.206,-0.021,7.389,11.16,-0.222,12.0,0.62
1966.0,0.205,-0.017,7.389,15.1,-0.304,16.0,0.62
1968.0,0.204,-0.015,7.389,10.03,-0.326,11.0,0.63
1970.0,0.204,-0.013,7.389,12.87,-0.488,14.0,0.63
1972.0,0.203,-0.011,7.389,14.4,0.133,15.0,0.65
1974.0,0.203,-0.009,7.389,9.35,-0.945,11.0,0.64
1976.0,0.205,0.054,5.463,4.65,-2.77,8.0,0.62
1978.0,0.204,-0.016,7.389,10.81,-0.611,12.0,0.62
1980.0,0.204,-0.013,7.389,8.25,-2.129,11.0,0.63
1982.0,0.203,-0.011,7.389,11.31,-1.0,13.0,0.64
1984.0,0.203,0.0,7.061,4.88,-4.46,10.0,0.63
1986.0,0.203,-0.01,7.389,12.44,0.022,13.0,0.62
1988.0,0.202,-0.008,7.389,13.55,-0.84,15.0,0.62
1990.0,0.202,-0.007,7.389,11.49,1.107,11.0,0.62
1992.0,0.202,-0.006,7.389,13.43,-0.853,15.0,0.64
1994.0,0.201,-0.005,7.389,12.64,-0.683,14.0,0.64
1996.0,0.201,-0.004,7.389,12.44,0.136,13.0,0.64
1998.0,0.201,-0.004,7.389,13.46,-0.866,15.0,0.64
2000.0,0.201,-0.003,7.389,13.49,0.185,14.0,0.64
2002.0,0.201,-0.003,7.389,13.03,-1.318,15.0,0.63
2004.0,0.201,-0.002,7.389,7.9,-0.573,9.0,0.6
2006.0,0.201,-0.002,7.389,7.33,-2.038,10.0,0.63
2008.0,0.2,-0.001,7.389,6.25,-0.079,7.0,0.64
2010.0,0.2,-0.001,7.389,9.51,0.154,10.0,0.63
2012.0,0.2,-0.001,7.389,9.58,-1.713,12.0,0.64
2014.0,0.2,-0.001,7.389,10.84,-1.445,13.0,0.64
2016.0,0.2,-0.001,7.389,12.46,0.123,13.0,0.63
2018.0,0.2,-0.001,7.389,15.42,1.155,15.0,0.65
2020.0,0.2,-0.001,7.389,14.01,-0.321,15.0,0.63
2022.0,0.2,-0.001,7.389,13.18,0.882,13.0,0.64
2024.0,0.2,-0.0,7.389,15.22,0.926,15.0,0.64
2026.0,0.2,-0.0,7.389,14.46,1.063,14.0,0.62
2028.0,0.2,-0.0,7.389,15.55,0.164,16.0,0.62
2030.0,0.2,-0.0,7.389,20.34,2.0,19.0,0.63
2032.0,0.2,-0.0,7.389,12.38,1.069,12.0,0.64
2034.0,0.2,-0.0,7.389,12.3,1.008,12.0,0.64
2036.0,0.2,-0.0,7.389,7.42,-1.888,10.0,0.64
2038.0,0.2,-0.0,7.389,14.28,0.982,14.0,0.64
2040.0,0.2,-0.0,7.389,11.57,0.174,12.0,0.62
2042.0,0.2,-0.0,7.389,12.98,-1.449,15.0,0.61
2044.0,0.2,-0.0,7.389,15.45,0.996,15.0,0.61
2046.0,0.2,-0.0,7.389,8.49,-2.874,12.0,0.63
2048.0,0.2,-0.0,7.389,12.25,-0.009,13.0,0.65
2050.0,0.2,-0.0,7.389,8.94,-2.377,12.0,0.64
2052.0,0.2,-0.0,7.389,12.45,-0.933,14.0,0.62
2054.0,0.2,-0.0,7.389,12.45,-1.987,15.0,0.61
2056.0,0.2,-0.0,7.389,11.38,-0.005,12.0,0.62
2058.0,0.2,0.0,7.389,7.37,-0.0,8.0,0.63
2060.0,0.2,-0.0,7.389,7.86,-0.466,9.0,0.64
2062.0,0.2,-0.0,7.389,16.36,2.0,15.0,0.63
2064.0,0.2,-0.0,7.389,8.89,-1.484,11.0,0.62
2066.0,0.2,-0.0,7.389,9.09,-2.233,12.0,0.64
2068.0,0.2,-0.0,7.389,15.34,0.141,16.0,0.66
2070.0,0.2,-0.0,7.389,11.24,1.021,11.0,0.66
2072.0,0.2,-0.0,7.389,11.3,0.923,11.0,0.62
2074.0,0.2,-0.0,7.389,12.16,-0.218,13.0,0.62
2076.0,0.2,-0.0,7.389,9.35,-0.923,11.0,0.65
2078.0,0.2,-0.0,7.389,14.52,-0.645,16.0,0.67
2080.0,0.2,-0.0,7.389,9.98,-0.2,11.0,0.66
2082.0,0.2,0.0,7.389,6.9,-2.452,10.0,0.63
2084.0,0.218,0.368,1.342,0.69,-4.747,6.0,0.61
2086.0,0.216,-0.055,7.389,6.26,-1.071,8.0,0.63
2088.0,0.213,-0.047,7.389,6.4,-2.875,10.0,0.64
2090.0,0.211,-0.04,7.389,9.39,-1.819,12.0,0.66
2092.0,0.21,-0.034,7.389,9.5,-1.702,12.0,0.66
2094.0,0.208,-0.029,7.389,11.32,-0.963,13.0,0.64
2096.0,0.207,-0.025,7.389,9.59,0.295,10.0,0.64
2098.0,0.206,-0.021,7.389,11.04,-1.19,13.0,0.65
2100.0,0.205,-0.018,7.389,10.11,-2.09,13.0,0.66
2102.0,0.204,-0.015,7.389,6.54,-3.775,11.0,0.64
2104.0,0.204,-0.013,7.389,7.3,-2.124,10.0,0.62
2106.0,0.203,-0.011,7.389,7.76,-1.657,10.0,0.62
2108.0,0.203,-0.009,7.389,10.69,-0.733,12.0,0.62
2110.0,0.202,-0.008,7.389,10.78,-0.592,12.0,0.63
2112.0,0.202,-0.007,7.389,14.1,-0.192,15.0,0.64
2114.0,0.202,-0.006,7.389,15.13,-0.187,16.0,0.64
2116.0,0.201,-0.005,7.389,13.6,0.306,14.0,0.64
2118.0,0.201,-0.004,7.389,15.27,1.029,15.0,0.65
2120.0,0.201,-0.003,7.389,13.8,-1.393,16.0,0.66
2122.0,0.201,-0.003,7.389,12.47,-0.801,14.0,0.65
2124.0,0.201,-0.003,7.389,14.47,0.051,15.0,0.62
2126.0,0.201,-0.002,7.389,11.22,0.762,11.0,0.61
2128.0,0.201,-0.002,7.389,8.49,-0.937,10.0,0.61
2130.0,0.2,-0.002,7.389,15.72,0.324,16.0,0.62
2132.0,0.2,-0.001,7.389,10.19,-1.059,12.0,0.65
2134.0,0.2,-0.001,7.389,11.31,0.087,12.0,0.66
2136.0,0.2,-0.001,7.389,9.39,0.098,10.0,0.64
2138.0,0.2,-0.001,7.389,12.75,-1.568,15.0,0.64
2140.0,0.2,-0.001,7.389,16.45,0.246,17.0,0.66
2142.0,0.2,-0.001,7.389,14.31,1.073,14.0,0.65
2144.0,0.2,-0.0,7.389,12.39,1.092,12.0,0.64
2146.0,0.2,-0.0,7.389,10.29,-0.041,11.0,0.63
2148.0,0.2,-0.0,7.389,13.15,-0.087,14.0,0.65
2150.0,0.2,-0.0,7.389,10.34,0.18,11.0,0.67
2152.0,0.2,-0.0,7.389,16.24,-0.87,18.0,0.68
2154.0,0.2,-0.0,7.389,16.16,1.006,16.0,0.67
2156.0,0.2,-0.0,7.389,14.31,1.082,14.0,0.66
2158.0,0.2,-0.0,7.389,9.17,-0.014,10.0,0.66
2160.0,0.2,-0.0,7.389,7.27,-0.976,9.0,0.65
2162.0,0.2,0.0,7.389,5.36,-0.902,7.0,0.65
2164.0,0.2,-0.0,7.389,14.31,1.051,14.0,0.65
2166.0,0.2,-0.0,7.389,13.27,-0.9,15.0,0.67
2168.0,0.2,-0.0,7.389,16.12,0.94,16.0,0.66
2170.0,0.2,-0.0,7.389,10.32,0.107,11.0,0.66
2172.0,0.2,-0.0,7.389,8.17,-0.066,9.0,0.65
2174.0,0.2,-0.0,7.389,7.39,-0.844,9.0,0.65
2176.0,0.2,-0.0,7.389,8.83,-3.447,13.0,0.64
2178.0,0.2,0.0,7.389,6.17,-2.185,9.0,0.63
2180.0,0.2,-0.0,7.389,11.47,0.071,12.0,0.62
2182.0,0.2,-0.0,7.389,12.56,1.163,12.0,0.62
2184.0,0.2,-0.0,7.389,10.62,-0.769,12.0,0.62
2186.0,0.2,-0.0,7.389,8.75,-2.557,12.0,0.64
2188.0,0.2,-0.0,7.389,9.84,-2.431,13.0,0.65
2190.0,0.2,-0.0,7.389,8.13,-3.194,12.0,0.64
2192.0,0.2,0.0,7.389,5.31,-2.124,8.0,0.61
2194.0,0.2,0.0,7.389,5.5,-2.994,9.0,0.6
2196.0,0.2,-0.0,7.389,6.64,-3.809,11.0,0.61
2198.0,0.2,-0.0,7.389,8.43,-1.879,11.0,0.64
2200.0,0.2,0.0,7.389,5.85,-2.384,9.0,0.65
2202.0,0.2,-0.0,7.389,7.12,-2.054,10.0,0.66
2204.0,0.2,-0.0,7.389,12.42,0.147,13.0,0.64
2206.0,0.2,-0.0,7.389,14.35,0.028,15.0,0.64
2208.0,0.2,-0.0,7.389,11.54,-1.723,14.0,0.65
2210.0,0.2,-0.0,7.389,10.3,0.032,11.0,0.65
2212.0,0.2,-0.0,7.389,10.22,-1.098,12.0,0.64
2214.0,0.2,-0.0,7.389,10.43,-1.065,12.0,0.6
2216.0,0.2,-0.0,7.389,12.42,0.956,12.0,0.61
2218.0,0.2,-0.0,7.389,9.46,-1.857,12.0,0.64
2220.0,0.2,-0.0,7.389,9.29,0.011,10.0,0.64
2222.0,0.2,0.0,7.389,5.96,-1.321,8.0,0.64
2224.0,0.2,0.0,7.389,5.94,-2.451,9.0,0.62
2226.0,0.2,-0.0,7.389,7.8,-2.7,11.0,0.6
2228.0,0.2,-0.0,7.389,13.34,-0.058,14.0,0.62
2230.0,0.2,-0.0,7.389,16.63,-0.759,18.0,0.62
2232.0,0.2,-0.0,7.389,13.29,-0.07,14.0,0.63
2234.0,0.2,-0.0,7.389,10.37,-0.952,12.0,0.63
2236.0,0.2,0.0,7.389,6.07,-5.206,12.0,0.65
2238.0,0.2,-0.0,7.389,11.48,-1.795,14.0,0.64
2240.0,0.2,-0.0,7.389,10.22,0.808,10.0,0.62
2242.0,0.2,-0.0,7.389,9.91,-0.497,11.0,0.62
2244.0,0.2,-0.0,7.389,9.86,-0.478,11.0,0.63
2246.0,0.2,0.0,7.389,7.55,0.311,8.0,0.65
2248.0,0.2,-0.0,7.389,9.41,-0.834,11.0,0.65
2250.0,0.2,-0.0,7.389,9.83,-1.469,12.0,0.64
2252.0,0.2,-0.0,7.389,10.3,-1.018,12.0,0.64
2254.0,0.2,0.0,7.389,5.98,-6.221,13.0,0.66
2256.0,0.202,0.04,6.071,5.14,-1.124,7.0,0.65
2258.0,0.202,-0.006,7.389,5.26,-6.099,12.0,0.63
2260.0,0.204,0.045,5.806,4.28,-3.141,8.0,0.62
2262.0,0.203,-0.012,7.389,8.46,1.045,8.0,0.62
2264.0,0.203,-0.01,7.389,7.61,-0.735,9.0,0.63
2266.0,0.202,-0.009,7.389,9.45,0.108,10.0,0.63
2268.0,0.202,-0.007,7.389,10.32,0.037,11.0,0.64
2270.0,0.202,-0.006,7.389,9.35,0.054,10.0,0.64
2272.0,0.201,-0.005,7.389,9.28,1.005,9.0,0.65
2274.0,0.201,-0.004,7.389,10.57,-0.755,12.0,0.64
2276.0,0.201,-0.004,7.389,10.41,1.028,10.0,0.62
2278.0,0.201,-0.003,7.389,11.36,0.082,12.0,0.64
2280.0,0.201,-0.003,7.389,11.23,-0.095,12.0,0.64
2282.0,0.201,-0.002,7.389,13.26,-0.13,14.0,0.62
2284.0,0.201,-0.002,7.389,13.64,-0.735,15.0,0.62
2286.0,0.2,-0.002,7.389,9.01,-1.378,11.0,0.62
2288.0,0.2,-0.001,7.389,10.83,-0.533,12.0,0.63
2290.0,0.2,-0.001,7.389,12.36,1.059,12.0,0.64
2292.0,0.2,-0.001,7.389,13.97,0.791,14.0,0.66
2294.0,0.2,-0.001,7.389,14.35,0.073,15.0,0.64
2296.0,0.2,-0.001,7.389,11.5,-0.839,13.0,0.63
2298.0,0.2,-0.001,7.389,6.42,-1.79,9.0,0.66
2300.0,0.2,-0.001,7.389,8.41,-1.715,11.0,0.68
2302.0,0.2,-0.0,7.389,9.49,-1.579,12.0,0.69
2304.0,0.2,-0.0,7.389,10.14,0.026,11.0,0.68
2306.0,0.2,-0.0,7.389,16.35,-0.889,18.0,0.65
2308.0,0.2,-0.0,7.389,14.21,-0.02,15.0,0.65
2310.0,0.2,-0.0,7.389,7.03,-1.148,9.0,0.66
2312.0,0.2,0.0,7.389,5.64,-2.54,9.0,0.66
2314.0,0.2,-0.0,7.389,13.32,1.115,13.0,0.66
2316.0,0.2,-0.0,7.389,14.4,1.154,14.0,0.65
2318.0,0.2,-0.0,7.389,10.29,-0.935,12.0,0.66
2320.0,0.2,-0.0,7.389,9.41,-0.821,11.0,0.65
2322.0,0.2,-0.0,7.389,8.69,-1.609,11.0,0.64
2324.0,0.2,-0.0,7.389,15.48,0.217,16.0,0.65
2326.0,0.2,-0.0,7.389,9.17,-0.058,10.0,0.65
2328.0,0.2,-0.0,7.389,9.94,-1.261,12.0,0.66
2330.0,0.2,-0.0,7.389,10.49,-0.7,12.0,0.66
2332.0,0.2,0.0,7.389,6.71,-1.521,9.0,0.65
2334.0,0.2,0.003,7.32,4.69,-2.639,8.0,0.64
2336.0,0.2,-0.0,7.389,9.25,0.968,9.0,0.64
2338.0,0.2,-0.0,7.389,17.23,2.0,16.0,0.65
2340.0,0.2,-0.0,7.389,10.09,-0.222,11.0,0.64
2342.0,0.2,-0.0,7.389,5.79,-1.63,8.0,0.62
2344.0,0.2,-0.0,7.389,6.8,-1.617,9.0,0.62
2346.0,0.2,-0.0,7.389,8.51,-0.799,10.0,0.64
2348.0,0.2,-0.0,7.389,9.13,-1.115,11.0,0.65
2350.0,0.2,-0.0,7.389,12.29,0.083,13.0,0.66
2352.0,0.2,-0.0,7.389,15.35,0.098,16.0,0.65
2354.0,0.202,0.041,6.029,4.95,-3.265,9.0,0.66
2356.0,0.202,0.005,7.012,5.55,-1.713,8.0,0.65
2358.0,0.202,-0.007,7.389,6.65,-1.693,9.0,0.63
2360.0,0.202,-0.006,7.389,13.32,-0.009,14.0,0.63
2362.0,0.201,-0.005,7.389,6.35,-1.965,9.0,0.64
2364.0,0.201,-0.004,7.389,9.41,-0.889,11.0,0.64
2366.0,0.201,-0.004,7.389,12.38,0.09,13.0,0.64
2368.0,0.201,-0.003,7.389,11.77,-0.565,13.0,0.63
2370.0,0.201,-0.003,7.389,11.44,1.09,11.0,0.63
2372.0,0.201,-0.002,7.389,17.36,2.0,16.0,0.63
2374.0,0.201,-0.002,7.389,13.28,0.075,14.0,0.66
2376.0,0.2,-0.002,7.389,13.21,-1.022,15.0,0.65
2378.0,0.2,-0.001,7.389,8.62,-0.723,10.0,0.63
2380.0,0.2,-0.001,7.389,6.13,-3.273,10.0,0.62
2382.0,0.2,-0.001,7.389,7.73,-2.55,11.0,0.64
2384.0,0.2,-0.001,7.389,10.12,-1.058,12.0,0.66
2386.0,0.2,-0.001,7.389,8.44,-1.828,11.0,0.65
2388.0,0.2,-0.001,7.389,12.1,-0.149,13.0,0.65
2390.0,0.2,-0.001,7.389,8.24,-0.079,9.0,0.64
2392.0,0.2,-0.0,7.389,12.31,1.087,12.0,0.65
2394.0,0.2,-0.0,7.389,7.95,-1.366,10.0,0.64
2396.0,0.2,-0.0,7.389,11.01,-0.36,12.0,0.63
2398.0,0.2,-0.0,7.389,9.11,-2.358,12.0,0.61
2400.0,0.2,-0.0,7.389,8.72,-0.674,10.0,0.62
2402.0,0.2,0.0,7.389,5.78,-1.582,8.0,0.63
2404.0,0.204,0.071,5.201,4.16,-4.165,9.0,0.63
2406.0,0.203,-0.011,7.389,13.31,0.098,14.0,0.66
2408.0,0.203,-0.009,7.389,10.22,0.047,11.0,0.67
2410.0,0.202,-0.008,7.389,15.12,-0.099,16.0,0.66
2412.0,0.202,-0.007,7.389,11.59,-0.637,13.0,0.66
2414.0,0.202,-0.006,7.389,8.32,-3.853,13.0,0.66
2416.0,0.201,-0.005,7.389,7.27,-1.861,10.0,0.67
2418.0,0.201,-0.004,7.389,10.47,-0.625,12.0,0.68
2420.0,0.201,-0.004,7.389,11.98,-0.057,13.0,0.69
2422.0,0.201,-0.003,7.389,9.28,0.193,10.0,0.68
2424.0,0.201,-0.003,7.389,14.9,0.804,15.0,0.68
2426.0,0.201,-0.002,7.389,14.3,1.024,14.0,0.64
2428.0,0.201,-0.002,7.389,13.36,1.054,13.0,0.64
2430.0,0.2,-0.002,7.389,11.24,0.935,11.0,0.64
2432.0,0.2,-0.001,7.389,16.22,2.0,15.0,0.66
2434.0,0.2,-0.001,7.389,14.2,2.0,13.0,0.66
2436.0,0.2,-0.001,7.389,18.15,0.985,18.0,0.67
2438.0,0.2,-0.001,7.389,11.33,-0.856,13.0,0.66
2440.0,0.2,-0.001,7.389,12.07,-0.244,13.0,0.64
2442.0,0.202,0.03,6.355,5.22,-0.185,6.0,0.62
2444.0,0.201,-0.005,7.389,8.72,0.264,9.0,0.61
2446.0,0.201,-0.004,7.389,11.24,-0.136,12.0,0.63
2448.0,0.201,-0.004,7.389,14.19,0.971,14.0,0.66
2450.0,0.201,-0.003,7.389,10.79,-0.41,12.0,0.66
2452.0,0.201,-0.003,7.389,7.85,-0.33,9.0,0.66
2454.0,0.201,-0.002,7.389,12.01,-0.193,13.0,0.66
2456.0,0.201,-0.002,7.389,12.23,0.027,13.0,0.66
2458.0,0.2,-0.001,7.389,6.29,0.106,7.0,0.66
2460.0,0.2,-0.001,7.389,8.72,-0.426,10.0,0.67
2462.0,0.2,-0.001,7.389,7.78,-1.381,10.0,0.67
2464.0,0.2,-0.001,7.389,10.01,-0.071,11.0,0.68
2466.0,0.2,-0.0,7.389,5.09,-2.039,8.0,0.67
2468.0,0.2,-0.001,7.389,8.34,-0.861,10.0,0.66
2470.0,0.2,-0.001,7.389,6.22,-2.939,10.0,0.67
2472.0,0.2,-0.001,7.389,12.15,1.022,12.0,0.67
2474.0,0.2,-0.001,7.389,12.26,1.074,12.0,0.66
2476.0,0.2,-0.0,7.389,11.56,0.415,12.0,0.67
2478.0,0.2,-0.0,7.389,8.43,-1.715,11.0,0.67
2480.0,0.2,-0.0,7.389,12.97,0.825,13.0,0.67
2482.0,0.2,-0.0,7.389,15.51,-0.592,17.0,0.68
2484.0,0.2,-0.0,7.389,12.42,-0.652,14.0,0.68
2486.0,0.2,-0.0,7.389,6.88,-2.204,10.0,0.68
2488.0,0.2,-0.0,7.389,9.02,-0.117,10.0,0.67
2490.0,0.2,-0.0,7.389,12.19,0.018,13.0,0.67
2492.0,0.2,-0.0,7.389,12.09,0.96,12.0,0.67
2494.0,0.2,-0.0,7.389,13.28,-0.938,15.0,0.66
2496.0,0.2,-0.0,7.389,13.08,-1.164,15.0,0.65
2498.0,0.2,-0.0,7.389,9.31,-0.937,11.0,0.65
2500.0,0.2,-0.0,7.389,12.34,0.031,13.0,0.64
2502.0,0.2,-0.0,7.389,10.34,-0.961,12.0,0.64
2504.0,0.2,-0.0,7.389,9.82,-2.468,13.0,0.64
2506.0,0.2,-0.0,7.389,11.16,-1.129,13.0,0.64
2508.0,0.2,0.0,7.389,7.33,-0.977,9.0,0.64
2510.0,0.2,0.0,7.389,7.24,-1.918,10.0,0.67
2512.0,0.2,-0.0,7.389,16.15,2.0,15.0,0.67
2514.0,0.2,-0.0,7.389,14.3,1.098,14.0,0.66
2516.0,0.2,-0.0,7.389,15.14,2.0,14.0,0.67
2518.0,0.2,-0.0,7.389,12.63,-1.544,15.0,0.66
2520.0,0.2,-0.0,7.389,9.45,-0.72,11.0,0.67
2522.0,0.2,-0.0,7.389,10.2,-1.081,12.0,0.64
2524.0,0.2,-0.0,7.389,14.42,0.139,15.0,0.64
2526.0,0.2,-0.0,7.389,15.1,-0.091,16.0,0.66
2528.0,0.2,-0.0,7.389,12.32,0.158,13.0,0.67
2530.0,0.2,0.0,7.389,8.65,-1.535,11.0,0.66
2532.0,0.2,0.0,7.389,8.31,1.063,8.0,0.65
2534.0,0.2,-0.0,7.389,9.11,0.869,9.0,0.65
2536.0,0.2,0.0,7.389,8.33,1.158,8.0,0.67
2538.0,0.2,-0.0,7.389,14.49,-0.673,16.0,0.67
2540.0,0.2,-0.0,7.389,11.36,0.202,12.0,0.67
2542.0,0.2,-0.0,7.389,9.47,-1.733,12.0,0.66
2544.0,0.2,0.0,7.389,7.46,-1.782,10.0,0.65
2546.0,0.2,-0.0,7.389,10.89,-2.334,14.0,0.66
2548.0,0.2,-0.0,7.389,13.7,-2.464,17.0,0.67
2550.0,0.2,-0.0,7.389,15.22,1.021,15.0,0.66
2552.0,0.2,-0.0,7.389,12.54,0.357,13.0,0.66
2554.0,0.2,-0.0,7.389,15.97,0.924,16.0,0.69
2556.0,0.2,-0.0,7.389,18.03,2.0,17.0,0.69
2558.0,0.2,-0.0,7.389,14.35,0.158,15.0,0.66
2560.0,0.2,-0.0,7.389,18.27,1.054,18.0,0.66
2562.0,0.2,-0.0,7.389,16.21,0.017,17.0,0.66
2564.0,0.2,-0.0,7.389,12.28,-0.829,14.0,0.68
2566.0,0.2,-0.0,7.389,10.43,-0.741,12.0,0.67
2568.0,0.2,-0.0,7.389,11.04,-0.152,12.0,0.66
2570.0,0.2,0.0,7.389,9.2,1.02,9.0,0.66
2572.0,0.2,-0.0,7.389,12.23,-0.876,14.0,0.68
2574.0,0.2,-0.0,7.389,12.13,1.041,12.0,0.68
2576.0,0.2,-0.0,7.389,11.47,-0.668,13.0,0.67
2578.0,0.2,-0.0,7.389,11.12,0.014,12.0,0.68
2580.0,0.2,-0.0,7.389,11.07,2.0,10.0,0.69
2582.0,0.2,0.0,7.389,7.13,0.074,8.0,0.69
2584.0,0.2,-0.0,7.389,10.76,-0.239,12.0,0.7
2586.0,0.2,-0.0,7.389,13.9,0.827,14.0,0.68
2588.0,0.2,-0.0,7.389,11.73,-0.367,13.0,0.68
2590.0,0.2,-0.0,7.389,11.86,-0.245,13.0,0.68
2592.0,0.2,-0.0,7.389,13.03,0.949,13.0,0.68
2594.0,0.2,-0.0,7.389,9.99,-1.238,12.0,0.65
2596.0,0.2,0.0,7.389,9.35,-0.954,11.0,0.64
2598.0,0.2,0.0,7.389,7.41,0.004,8.0,0.62
2600.0,0.2,0.0,7.389,8.23,-0.099,9.0,0.63
2602.0,0.2,-0.0,7.389,12.32,-0.936,14.0,0.65
2604.0,0.2,-0.0,7.389,11.21,2.0,10.0,0.66
2606.0,0.2,-0.0,7.389,10.31,1.133,10.0,0.67
2608.0,0.2,-0.0,7.389,12.3,1.082,12.0,0.66
2610.0,0.2,-0.0,7.389,12.34,1.19,12.0,0.67
2612.0,0.2,0.0,7.389,8.53,-1.539,11.0,0.69
2614.0,0.2,-0.0,7.389,12.12,0.076,13.0,0.69
2616.0,0.2,0.0,7.389,9.11,-0.96,11.0,0.69
2618.0,0.2,-0.0,7.389,11.3,0.239,12.0,0.69
2620.0,0.2,-0.0,7.389,13.14,2.0,12.0,0.67
2622.0,0.2,-0.0,7.389,14.13,2.0,13.0,0.67
2624.0,0.2,-0.0,7.389,18.09,2.0,17.0,0.68
2626.0,0.2,-0.0,7.389,19.54,-1.558,22.0,0.68
2628.0,0.2,-0.0,7.389,12.08,-0.962,14.0,0.69
2630.0,0.2,0.0,7.389,9.97,-1.125,12.0,0.68
2632.0,0.2,-0.0,7.389,13.99,-1.124,16.0,0.68
2634.0,0.2,-0.0,7.389,11.42,0.294,12.0,0.67
2636.0,0.2,0.0,7.389,8.48,0.235,9.0,0.65
2638.0,0.2,0.0,7.389,9.37,-1.911,12.0,0.64
2640.0,0.2,-0.0,7.389,11.31,-0.106,12.0,0.62
2642.0,0.2,-0.0,7.389,12.68,-0.693,14.0,0.62
2644.0,0.2,-0.0,7.389,12.36,-1.011,14.0,0.63
2646.0,0.2,0.0,7.389,5.57,-1.748,8.0,0.64
2648.0,0.209,0.188,2.972,2.48,-2.814,6.0,0.64
2650.0,0.208,-0.028,7.389,5.45,-0.844,7.0,0.64
2652.0,0.207,-0.024,7.389,16.23,2.0,15.0,0.65
2654.0,0.206,-0.02,7.389,12.76,-0.409,14.0,0.67
2656.0,0.205,-0.017,7.389,10.28,0.164,11.0,0.68
2658.0,0.204,-0.015,7.389,12.0,-0.119,13.0,0.68
2660.0,0.204,-0.013,7.389,10.91,-0.249,12.0,0.67
2662.0,0.203,-0.011,7.389,12.36,-0.74,14.0,0.68
2664.0,0.203,-0.009,7.389,11.3,-0.849,13.0,0.67
2666.0,0.202,-0.008,7.389,12.95,0.831,13.0,0.68
2668.0,0.202,-0.007,7.389,10.27,0.16,11.0,0.68
2670.0,0.202,-0.006,7.389,15.25,1.102,15.0,0.67
2672.0,0.201,-0.005,7.389,14.28,1.086,14.0,0.66
2674.0,0.201,-0.004,7.389,11.12,-0.063,12.0,0.66
2676.0,0.201,-0.003,7.389,7.08,-1.139,9.0,0.66
2678.0,0.201,-0.003,7.389,11.19,-0.026,12.0,0.66
2680.0,0.201,-0.002,7.389,13.25,-0.931,15.0,0.66
2682.0,0.201,-0.002,7.389,11.75,-1.449,14.0,0.66
2684.0,0.201,-0.002,7.389,7.77,-1.393,10.0,0.67
2686.0,0.2,-0.002,7.389,14.18,2.0,13.0,0.66
2688.0,0.2,-0.001,7.389,16.17,0.935,16.0,0.65
2690.0,0.2,-0.001,7.389,13.27,1.037,13.0,0.65
2692.0,0.2,-0.001,7.389,13.12,-0.169,14.0,0.64
2694.0,0.2,-0.001,7.389,7.9,-1.348,10.0,0.65
2696.0,0.2,-0.001,7.389,7.42,1.133,7.0,0.64
2698.0,0.2,-0.001,7.389,6.91,-2.329,10.0,0.65
2700.0,0.2,-0.0,7.389,7.1,-2.177,10.0,0.65
2702.0,0.2,-0.0,7.389,12.18,-0.049,13.0,0.66
2704.0,0.2,-0.0,7.389,14.29,0.14,15.0,0.67
2706.0,0.2,-0.0,7.389,11.67,-1.448,14.0,0.68
2708.0,0.2,-0.0,7.389,11.46,-0.699,13.0,0.67
2710.0,0.2,-0.0,7.389,10.12,-0.047,11.0,0.67
2712.0,0.2,-0.0,7.389,11.3,0.169,12.0,0.67
2714.0,0.2,-0.0,7.389,14.36,-0.814,16.0,0.67
2716.0,0.2,-0.0,7.389,16.97,0.789,17.0,0.66
2718.0,0.2,-0.0,7.389,11.37,0.124,12.0,0.65
2720.0,0.2,-0.0,7.389,21.27,1.009,21.0,0.65
2722.0,0.2,-0.0,7.389,12.3,1.005,12.0,0.64
2724.0,0.2,-0.0,7.389,7.91,-2.379,11.0,0.64
2726.0,0.2,-0.0,7.389,7.5,-1.71,10.0,0.66
2728.0,0.2,-0.0,7.389,7.62,-2.566,11.0,0.66
2730.0,0.2,-0.0,7.389,12.25,0.087,13.0,0.67
2732.0,0.2,-0.0,7.389,7.88,-1.306,10.0,0.66
2734.0,0.2,-0.0,7.389,9.29,-0.986,11.0,0.64
2736.0,0.2,-0.0,7.389,7.61,-1.523,10.0,0.67
2738.0,0.2,-0.0,7.389,7.96,-0.08,9.0,0.69
2740.0,0.2,-0.0,7.389,15.1,-0.056,16.0,0.67
2742.0,0.2,-0.0,7.389,12.29,0.059,13.0,0.65
2744.0,0.2,-0.0,7.389,10.56,0.368,11.0,0.66
2746.0,0.2,-0.0,7.389,8.97,-0.095,10.0,0.69
2748.0,0.2,-0.0,7.389,12.09,0.073,13.0,0.7
2750.0,0.2,-0.0,7.389,10.91,-0.163,12.0,0.69
2752.0,0.2,-0.0,7.389,8.64,-0.528,10.0,0.67
2754.0,0.2,0.0,7.389,5.44,-3.76,10.0,0.66
2756.0,0.2,-0.0,7.389,10.25,-1.023,12.0,0.65
2758.0,0.2,-0.0,7.389,10.68,-0.655,12.0,0.63
2760.0,0.2,-0.0,7.389,11.49,0.104,12.0,0.62
2762.0,0.2,-0.0,7.389,9.34,0.029,10.0,0.64
2764.0,0.2,-0.0,7.389,8.83,-2.244,12.0,0.68
2766.0,0.2,-0.0,7.389,12.81,-0.186,14.0,0.7
2768.0,0.2,-0.0,7.389,14.61,-0.524,16.0,0.67
2770.0,0.2,-0.0,7.389,10.34,-0.902,12.0,0.65
2772.0,0.2,-0.0,7.389,15.26,-0.077,16.0,0.63
2774.0,0.2,-0.0,7.389,15.3,2.0,14.0,0.64
2776.0,0.2,-0.0,7.389,12.37,-0.91,14.0,0.64
2778.0,0.2,-0.0,7.389,11.32,1.023,11.0,0.64
2780.0,0.2,0.0,7.389,8.2,0.898,8.0,0.64
2782.0,0.2,-0.0,7.389,9.35,1.023,9.0,0.64
2784.0,0.2,-0.0,7.389,12.22,-1.097,14.0,0.64
2786.0,0.2,-0.0,7.389,15.46,1.141,15.0,0.64
2788.0,0.2,-0.0,7.389,12.33,-0.947,14.0,0.65
2790.0,0.2,-0.0,7.389,17.22,0.976,17.0,0.65
2792.0,0.2,-0.0,7.389,16.69,-0.67,18.0,0.63
2794.0,0.2,-0.0,7.389,14.67,0.215,15.0,0.61
2796.0,0.2,0.0,7.389,9.57,-0.971,11.0,0.59
2798.0,0.2,-0.0,7.389,13.22,-3.187,17.0,0.62
2800.0,0.2,0.0,7.389,7.3,-2.952,11.0,0.65
2802.0,0.2,0.0,7.389,6.86,-2.346,10.0,0.66
2804.0,0.2,-0.0,7.389,11.16,-1.016,13.0,0.67
2806.0,0.201,0.014,6.899,5.19,-1.965,8.0,0.67
2808.0,0.201,-0.002,7.389,12.05,-0.171,13.0,0.66
2810.0,0.201,-0.002,7.389,8.34,-1.994,11.0,0.63
2812.0,0.2,-0.001,7.389,6.64,-3.775,11.0,0.62
2814.0,0.2,-0.001,7.389,10.5,-2.972,14.0,0.61
2816.0,0.2,-0.001,7.389,11.84,-0.67,13.0,0.6
2818.0,0.2,-0.001,7.389,10.52,-0.971,12.0,0.6
2820.0,0.2,-0.001,7.389,6.66,-2.702,10.0,0.63
2822.0,0.2,-0.001,7.389,8.06,-1.155,10.0,0.66
2824.0,0.2,-0.001,7.389,10.19,0.092,11.0,0.68
2826.0,0.2,-0.001,7.389,12.19,2.0,11.0,0.66
2828.0,0.2,-0.0,7.389,11.95,0.852,12.0,0.68
2830.0,0.2,-0.0,7.389,12.31,-0.833,14.0,0.67
2832.0,0.2,-0.0,7.389,10.23,0.041,11.0,0.66
2834.0,0.2,-0.0,7.389,16.37,0.116,17.0,0.65
2836.0,0.2,-0.0,7.389,11.36,0.136,12.0,0.66
2838.0,0.2,-0.0,7.389,10.97,-0.197,12.0,0.67
2840.0,0.2,-0.0,7.389,9.21,-2.126,12.0,0.63
2842.0,0.2,-0.0,7.389,7.5,0.197,8.0,0.64
2844.0,0.21,0.203,2.753,2.56,-4.761,8.0,0.64
2846.0,0.209,-0.024,7.185,4.41,-4.888,10.0,0.64
2848.0,0.208,-0.027,7.389,7.59,-1.746,10.0,0.63
2850.0,0.207,-0.023,7.389,12.2,-2.141,15.0,0.63
2852.0,0.206,-0.02,7.389,13.43,1.05,13.0,0.62
2854.0,0.205,-0.017,7.389,10.76,-0.505,12.0,0.65
2856.0,0.204,-0.014,7.389,11.35,0.215,12.0,0.67
2858.0,0.203,-0.012,7.389,12.28,-0.844,14.0,0.68
2860.0,0.203,-0.01,7.389,9.39,-0.858,11.0,0.65
2862.0,0.202,-0.009,7.389,11.4,-1.905,14.0,0.64
2864.0,0.202,-0.007,7.389,12.53,1.146,12.0,0.62
2866.0,0.202,-0.006,7.389,13.64,-0.609,15.0,0.65
2868.0,0.202,-0.005,7.389,16.21,0.999,16.0,0.66
2870.0,0.201,-0.005,7.389,12.54,-3.702,17.0,0.65
2872.0,0.201,-0.004,7.389,11.8,-2.484,15.0,0.64
2874.0,0.201,-0.003,7.389,8.52,-1.844,11.0,0.63
2876.0,0.201,-0.003,7.389,7.17,-3.256,11.0,0.61
2878.0,0.201,-0.002,7.389,6.07,-2.375,9.0,0.61
2880.0,0.201,-0.002,7.389,7.19,-3.187,11.0,0.62
2882.0,0.2,-0.002,7.389,10.86,-2.5,14.0,0.63
2884.0,0.2,-0.001,7.389,12.33,2.0,11.0,0.63
2886.0,0.2,-0.001,7.389,7.57,-1.724,10.0,0.64
2888.0,0.2,-0.001,7.389,14.39,-0.798,16.0,0.66
2890.0,0.2,-0.001,7.389,10.93,-0.304,12.0,0.65
2892.0,0.2,-0.001,7.389,16.26,0.851,16.0,0.62
2894.0,0.2,-0.001,7.389,12.32,0.134,13.0,0.66
2896.0,0.2,-0.001,7.389,9.97,-1.107,12.0,0.69
2898.0,0.2,-0.0,7.389,8.39,0.362,9.0,0.7
2900.0,0.2,-0.0,7.389,10.02,-0.22,11.0,0.65
2902.0,0.2,-0.0,7.389,11.9,-0.403,13.0,0.64
2904.0,0.2,-0.0,7.389,12.51,-0.859,14.0,0.63
2906.0,0.2,-0.0,7.389,10.34,-0.963,12.0,0.64
2908.0,0.2,-0.0,7.389,9.46,-0.755,11.0,0.66
2910.0,0.2,-0.0,7.389,15.08,-0.092,16.0,0.66
2912.0,0.2,-0.0,7.389,11.15,-1.197,13.0,0.63
2914.0,0.2,-0.0,7.389,10.29,-1.03,12.0,0.64
2916.0,0.2,-0.0,7.389,7.3,-2.027,10.0,0.63
2918.0,0.2,-0.0,7.389,6.74,-2.678,10.0,0.62
2920.0,0.2,-0.0,7.389,12.47,0.122,13.0,0.63
2922.0,0.2,0.0,7.389,5.77,-2.578,9.0,0.63
2924.0,0.2,-0.0,7.389,11.28,-0.012,12.0,0.64
2926.0,0.2,-0.0,7.389,11.47,-1.978,14.0,0.61
2928.0,0.2,-0.0,7.389,9.28,-2.15,12.0,0.61
2930.0,0.208,0.168,3.245,3.2,-2.04,6.0,0.65
2932.0,0.207,-0.025,7.389,12.28,0.012,13.0,0.65
2934.0,0.206,-0.021,7.389,10.39,-0.929,12.0,0.64
2936.0,0.208,0.029,5.89,4.83,-2.441,8.0,0.65
2938.0,0.206,-0.023,7.389,7.94,-1.253,10.0,0.66
2940.0,0.205,-0.019,7.389,12.18,-0.081,13.0,0.65
2942.0,0.205,-0.016,7.389,12.28,1.015,12.0,0.65
2944.0,0.204,-0.014,7.389,9.41,-0.982,11.0,0.62
2946.0,0.203,-0.012,7.389,11.32,0.998,11.0,0.64
2948.0,0.203,-0.01,7.389,11.37,0.013,12.0,0.63
2950.0,0.202,-0.009,7.389,8.33,-5.081,14.0,0.62
2952.0,0.202,-0.007,7.389,11.63,-2.745,15.0,0.63
2954.0,0.202,-0.006,7.389,10.65,-0.716,12.0,0.63
2956.0,0.201,-0.005,7.389,7.31,-2.068,10.0,0.62
2958.0,0.201,-0.004,7.389,11.56,-1.878,14.0,0.61
2960.0,0.201,-0.004,7.389,8.91,-2.576,12.0,0.6
2962.0,0.201,-0.003,7.389,9.84,-0.634,11.0,0.61
2964.0,0.201,-0.003,7.389,8.42,-1.949,11.0,0.63
2966.0,0.201,-0.002,7.389,6.06,-3.272,10.0,0.63
2968.0,0.201,-0.002,7.389,5.44,-2.901,9.0,0.63
2970.0,0.2,-0.002,7.389,14.31,1.0,14.0,0.64
2972.0,0.2,-0.001,7.389,11.36,0.954,11.0,0.62
2974.0,0.2,-0.001,7.389,7.42,-4.05,12.0,0.61
2976.0,0.2,-0.001,7.389,12.2,-3.255,16.0,0.61
2978.0,0.2,-0.001,7.389,12.2,-1.286,14.0,0.6
2980.0,0.2,-0.001,7.389,8.25,-1.225,10.0,0.61
2982.0,0.2,-0.001,7.389,10.37,-0.05,11.0,0.62
2984.0,0.2,-0.001,7.389,10.14,-0.207,11.0,0.63
2986.0,0.2,-0.0,7.389,8.34,-2.965,12.0,0.64
2988.0,0.2,-0.0,7.389,9.55,-0.841,11.0,0.62
2990.0,0.2,-0.0,7.389,13.42,0.085,14.0,0.63
2992.0,0.2,-0.0,7.389,10.44,-0.96,12.0,0.62
2994.0,0.2,-0.0,7.389,9.78,-0.658,11.0,0.61
2996.0,0.2,-0.0,7.389,7.0,-1.581,9.0,0.58
2998.0,0.212,0.238,2.344,2.17,-2.472,5.0,0.57
3000.0,0.236,0.49,0.838,-1.13,-6.633,6.0,0.6
3002.0,0.26,0.475,0.848,-1.21,-7.5,7.0,0.64
3004.0,0.268,0.158,2.158,1.56,-6.58,9.0,0.67
3006.0,0.262,-0.114,5.309,4.51,-3.459,9.0,0.71
3008.0,0.253,-0.187,7.389,9.25,-0.549,11.0,0.74
3010.0,0.245,-0.159,7.389,13.96,-0.667,16.0,0.77
3012.0,0.238,-0.135,7.389,10.1,-0.593,12.0,0.76
3014.0,0.233,-0.115,7.389,8.51,-1.207,11.0,0.76
3016.0,0.228,-0.098,7.389,8.61,-0.146,10.0,0.75
3018.0,0.233,0.105,3.28,3.21,-1.7,6.0,0.72
3020.0,0.228,-0.099,7.389,5.63,-1.589,8.0,0.66
3022.0,0.228,0.009,4.956,3.87,-3.447,8.0,0.64
3024.0,0.233,0.088,3.627,2.03,-5.124,8.0,0.67
3026.0,0.236,0.054,3.898,3.17,-4.098,8.0,0.65
3028.0,0.23,-0.107,7.389,8.39,0.155,9.0,0.65
3030.0,0.226,-0.091,7.389,11.43,-1.125,13.0,0.59
3032.0,0.222,-0.077,7.389,10.76,0.172,11.0,0.58
3034.0,0.219,-0.065,7.389,7.76,-1.843,10.0,0.58
3036.0,0.216,-0.056,7.389,11.0,-0.487,12.0,0.6
3038.0,0.213,-0.047,7.389,6.68,-1.739,9.0,0.62
3040.0,0.214,0.006,5.975,4.65,-3.738,9.0,0.62
3042.0,0.229,0.311,1.562,1.17,-4.293,6.0,0.61
3044.0,0.231,0.038,4.305,3.94,-3.626,8.0,0.59
3046.0,0.233,0.031,4.33,4.16,-1.364,6.0,0.6
3048.0,0.228,-0.098,7.389,6.34,-2.223,9.0,0.59
3050.0,0.225,-0.051,6.431,4.28,-3.183,8.0,0.61
3052.0,0.222,-0.076,7.389,6.33,-2.177,9.0,0.6
3054.0,0.218,-0.065,7.389,7.66,-0.593,9.0,0.65
3056.0,0.217,-0.031,6.627,5.24,-1.13,7.0,0.63
3058.0,0.214,-0.05,7.389,6.41,-0.968,8.0,0.63
3060.0,0.224,0.187,2.654,1.93,-3.544,6.0,0.6
3062.0,0.236,0.246,1.967,1.17,-3.396,5.0,0.59
3064.0,0.232,-0.083,6.673,4.86,-1.633,7.0,0.6
3066.0,0.23,-0.026,5.507,4.48,-0.936,6.0,0.62
3068.0,0.226,-0.091,7.389,5.31,-3.119,9.0,0.62
3070.0,0.222,-0.078,7.389,8.18,-0.177,9.0,0.63
3072.0,0.219,-0.066,7.389,11.95,0.822,12.0,0.68
3074.0,0.216,-0.056,7.389,10.73,-0.461,12.0,0.66
3076.0,0.214,-0.047,7.389,4.82,0.457,5.0,0.63
3078.0,0.212,-0.041,7.389,11.42,2.0,10.0,0.62
3080.0,0.216,0.081,4.3,4.15,-2.198,7.0,0.63
3082.0,0.231,0.303,1.621,1.03,-3.48,5.0,0.6
3084.0,0.24,0.189,2.281,2.1,-3.409,6.0,0.6
3086.0,0.234,-0.121,7.389,10.7,-0.597,12.0,0.64
3088.0,0.229,-0.103,7.389,11.29,0.941,11.0,0.63
3090.0,0.225,-0.087,7.389,9.61,1.104,9.0,0.6
3092.0,0.221,-0.074,7.389,6.15,-2.174,9.0,0.64
3094.0,0.218,-0.063,7.389,9.03,-1.214,11.0,0.65
3096.0,0.215,-0.054,7.389,10.37,-0.937,12.0,0.64
3098.0,0.213,-0.045,7.389,9.23,0.039,10.0,0.66
3100.0,0.211,-0.038,7.389,4.85,-3.39,9.0,0.65
3102.0,0.209,-0.033,7.389,8.38,1.14,8.0,0.65
3104.0,0.208,-0.028,7.389,10.55,-0.853,12.0,0.62
3106.0,0.207,-0.024,7.389,12.44,-0.98,14.0,0.62
3108.0,0.207,0.013,6.342,3.9,-1.543,6.0,0.61
3110.0,0.206,-0.022,7.389,6.55,-0.883,8.0,0.61
3112.0,0.206,-0.006,6.947,5.0,-2.449,8.0,0.61
3114.0,0.205,-0.018,7.389,8.22,0.869,8.0,0.63
3116.0,0.208,0.065,5.019,4.27,-2.158,7.0,0.61
3118.0,0.225,0.327,1.533,0.86,-4.503,6.0,0.63
3120.0,0.228,0.061,4.107,3.3,-3.093,7.0,0.62
3122.0,0.227,-0.022,5.676,4.18,-1.284,6.0,0.61
3124.0,0.223,-0.08,7.389,11.26,0.835,11.0,0.62
3126.0,0.219,-0.068,7.389,6.67,-1.632,9.0,0.64
3128.0,0.216,-0.058,7.389,7.79,-0.556,9.0,0.63
3130.0,0.214,-0.049,7.389,6.92,-1.501,9.0,0.62
3132.0,0.212,-0.042,7.389,9.78,0.332,10.0,0.61
3134.0,0.21,-0.035,7.389,6.93,-1.342,9.0,0.65
3136.0,0.209,-0.029,7.389,4.73,-1.518,7.0,0.65
3138.0,0.207,-0.026,7.389,6.19,0.907,6.0,0.64
3140.0,0.206,-0.022,7.389,7.54,0.221,8.0,0.64
3142.0,0.205,-0.018,7.389,5.77,-2.531,9.0,0.64
3144.0,0.205,-0.016,7.389,7.54,-2.716,11.0,0.65
3146.0,0.204,-0.013,7.389,7.77,-0.558,9.0,0.64
3148.0,0.203,-0.011,7.389,6.87,-2.565,10.0,0.61
3150.0,0.209,0.109,4.152,3.75,-2.688,7.0,0.61
3152.0,0.207,-0.026,7.389,9.56,-0.789,11.0,0.63
3154.0,0.206,-0.022,7.389,10.25,0.947,10.0,0.64
3156.0,0.205,-0.019,7.389,9.36,0.083,10.0,0.65
3158.0,0.205,-0.016,7.389,12.18,0.913,12.0,0.65
3160.0,0.204,-0.014,7.389,11.62,0.3,12.0,0.64
3162.0,0.203,-0.011,7.389,5.88,-3.426,10.0,0.64
3164.0,0.203,-0.01,7.389,10.35,0.021,11.0,0.64
3166.0,0.202,-0.008,7.389,10.67,-0.685,12.0,0.63
3168.0,0.202,-0.007,7.389,8.12,-1.206,10.0,0.63
3170.0,0.202,0.0,7.187,5.05,-3.27,9.0,0.64
3172.0,0.202,-0.006,7.389,8.49,0.115,9.0,0.63
3174.0,0.201,-0.005,7.389,11.3,0.995,11.0,0.64
3176.0,0.201,-0.004,7.389,12.28,2.0,11.0,0.64
3178.0,0.201,-0.003,7.389,5.56,-2.763,9.0,0.63
3180.0,0.201,-0.003,7.389,7.09,-0.243,8.0,0.63
3182.0,0.201,-0.003,7.389,5.92,-1.43,8.0,0.63
3184.0,0.201,-0.002,7.389,11.2,-0.132,12.0,0.63
3186.0,0.201,-0.002,7.389,7.45,1.022,7.0,0.61
3188.0,0.2,-0.002,7.389,8.36,-2.019,11.0,0.63
3190.0,0.2,-0.001,7.389,9.14,-0.326,10.0,0.61
3192.0,0.2,-0.001,7.389,7.26,-1.212,9.0,0.61
3194.0,0.2,-0.001,7.389,7.05,-0.417,8.0,0.61
3196.0,0.2,-0.001,7.389,9.62,-0.598,11.0,0.66
3198.0,0.2,-0.001,7.389,9.46,-0.688,11.0,0.67
3200.0,0.2,-0.001,7.389,6.34,-2.867,10.0,0.66
3202.0,0.204,0.082,4.908,4.29,-2.058,7.0,0.63
3204.0,0.204,-0.013,7.389,6.59,-0.764,8.0,0.63
3206.0,0.203,-0.011,7.389,11.31,1.067,11.0,0.65
3208.0,0.203,-0.009,7.389,6.93,-2.356,10.0,0.64
3210.0,0.202,-0.008,7.389,8.1,-0.252,9.0,0.63
3212.0,0.202,-0.007,7.389,9.04,-0.274,10.0,0.64
3214.0,0.202,-0.006,7.389,6.09,-1.234,8.0,0.63
3216.0,0.201,-0.005,7.389,8.66,-1.59,11.0,0.65
3218.0,0.201,-0.004,7.389,6.52,-1.751,9.0,0.65
3220.0,0.201,-0.004,7.389,9.83,-1.49,12.0,0.64
3222.0,0.201,-0.003,7.389,9.48,1.065,9.0,0.62
3224.0,0.201,-0.003,7.389,8.6,0.134,9.0,0.61
3226.0,0.201,-0.002,7.389,9.53,-0.879,11.0,0.62
3228.0,0.201,-0.002,7.389,13.69,0.285,14.0,0.62
3230.0,0.2,-0.002,7.389,12.79,-0.657,14.0,0.61
3232.0,0.2,-0.001,7.389,10.5,-0.904,12.0,0.62
3234.0,0.2,-0.001,7.389,8.5,-2.916,12.0,0.62
3236.0,0.2,-0.001,7.389,7.24,-3.17,11.0,0.62
3238.0,0.2,-0.001,7.389,8.58,-1.871,11.0,0.61
3240.0,0.2,-0.001,7.389,8.31,-2.283,11.0,0.58
3242.0,0.205,0.101,4.483,4.0,-3.469,8.0,0.61
3244.0,0.204,-0.016,7.389,12.44,0.052,13.0,0.62
3246.0,0.204,-0.013,7.389,13.27,0.861,13.0,0.62
3248.0,0.203,-0.011,7.389,8.43,1.012,8.0,0.62
3250.0,0.203,-0.01,7.389,7.76,-1.684,10.0,0.61
3252.0,0.202,-0.008,7.389,8.92,-1.562,11.0,0.6
3254.0,0.202,-0.007,7.389,11.08,-0.443,12.0,0.59
3256.0,0.202,-0.006,7.389,8.87,-0.573,10.0,0.61
3258.0,0.201,-0.005,7.389,5.18,-0.195,6.0,0.63
3260.0,0.201,-0.004,7.389,10.72,-0.744,12.0,0.61
3262.0,0.201,-0.003,7.389,5.28,-3.163,9.0,0.61
3264.0,0.209,0.149,3.558,2.66,-3.766,7.0,0.61
3266.0,0.207,-0.026,7.389,11.14,0.762,11.0,0.62
3268.0,0.206,-0.022,7.389,10.28,0.869,10.0,0.62
3270.0,0.205,-0.018,7.389,11.25,-0.083,12.0,0.63
3272.0,0.204,-0.016,7.389,10.2,-1.232,12.0,0.61
3274.0,0.204,-0.013,7.389,9.82,-1.502,12.0,0.64
3276.0,0.203,-0.011,7.389,11.09,-1.118,13.0,0.66
3278.0,0.203,-0.01,7.389,8.67,0.376,9.0,0.64
3280.0,0.202,-0.008,7.389,13.6,-0.829,15.0,0.61
3282.0,0.202,-0.007,7.389,11.36,0.987,11.0,0.63
3284.0,0.202,-0.006,7.389,12.44,0.142,13.0,0.64
3286.0,0.201,-0.005,7.389,13.49,1.134,13.0,0.63
3288.0,0.201,-0.004,7.389,14.18,0.856,14.0,0.64
3290.0,0.201,-0.004,7.389,16.27,2.0,15.0,0.65
3292.0,0.201,-0.003,7.389,8.88,-1.411,11.0,0.64
3294.0,0.201,-0.003,7.389,9.82,-1.5,12.0,0.64
3296.0,0.201,-0.002,7.389,11.46,1.102,11.0,0.63
3298.0,0.201,-0.002,7.389,9.91,-2.555,13.0,0.61
3300.0,0.2,-0.002,7.389,9.62,-2.864,13.0,0.6
3302.0,0.2,-0.001,7.389,9.1,-1.352,11.0,0.61
3304.0,0.2,-0.001,7.389,10.94,-0.469,12.0,0.62
3306.0,0.2,-0.001,7.389,13.29,-1.073,15.0,0.63
3308.0,0.2,-0.001,7.389,14.16,0.804,14.0,0.63
3310.0,0.2,-0.0,7.389,5.52,-1.797,8.0,0.64
3312.0,0.2,-0.001,7.389,9.37,0.049,10.0,0.64
3314.0,0.2,-0.001,7.389,9.3,-1.129,11.0,0.61
3316.0,0.2,-0.0,7.389,7.52,0.069,8.0,0.61
3318.0,0.2,-0.0,7.389,10.49,0.109,11.0,0.62
3320.0,0.2,-0.0,7.389,7.03,-1.356,9.0,0.62
3322.0,0.2,-0.0,7.389,9.07,-1.299,11.0,0.63
3324.0,0.2,-0.0,7.389,12.95,-2.327,16.0,0.65
3326.0,0.2,-0.0,7.389,15.34,-1.061,17.0,0.62
3328.0,0.2,-0.0,7.389,8.6,-1.824,11.0,0.62
3330.0,0.2,-0.0,7.389,11.55,0.065,12.0,0.6
3332.0,0.2,-0.0,7.389,13.41,0.946,13.0,0.61
3334.0,0.203,0.065,5.351,4.73,-1.567,7.0,0.64
3336.0,0.203,-0.01,7.389,13.4,0.133,14.0,0.65
3338.0,0.202,-0.008,7.389,11.37,-0.971,13.0,0.63
3340.0,0.202,-0.007,7.389,8.48,-0.924,10.0,0.62
3342.0,0.202,-0.006,7.389,8.69,-0.648,10.0,0.63
3344.0,0.201,-0.005,7.389,9.03,-3.351,13.0,0.62
3346.0,0.201,-0.004,7.389,7.29,-0.198,8.0,0.6
3348.0,0.201,-0.004,7.389,7.99,-4.394,13.0,0.62
3350.0,0.201,-0.003,7.389,9.58,-0.792,11.0,0.63
3352.0,0.201,-0.003,7.389,13.46,0.124,14.0,0.63
3354.0,0.201,-0.002,7.389,12.22,-0.096,13.0,0.64
3356.0,0.201,-0.002,7.389,14.62,0.308,15.0,0.64
3358.0,0.2,-0.002,7.389,19.32,-0.077,20.0,0.62
3360.0,0.2,-0.001,7.389,11.79,-2.787,15.0,0.58
3362.0,0.2,-0.001,7.389,13.0,-0.55,14.0,0.59
3364.0,0.2,-0.001,7.389,11.19,-0.218,12.0,0.62
3366.0,0.2,-0.001,7.389,6.28,-0.079,7.0,0.63
3368.0,0.2,-0.001,7.389,8.36,-0.944,10.0,0.64
3370.0,0.2,-0.001,7.389,12.61,-0.583,14.0,0.66
3372.0,0.2,-0.001,7.389,9.77,-0.494,11.0,0.65
3374.0,0.2,-0.0,7.389,7.56,-1.752,10.0,0.64
3376.0,0.2,-0.0,7.389,13.41,0.131,14.0,0.64
3378.0,0.2,-0.0,7.389,14.28,2.0,13.0,0.64
3380.0,0.2,-0.0,7.389,12.28,2.0,11.0,0.64
3382.0,0.202,0.043,5.975,4.53,-2.837,8.0,0.63
3384.0,0.202,-0.007,7.389,7.38,0.015,8.0,0.63
3386.0,0.202,-0.006,7.389,8.58,-1.739,11.0,0.64
3388.0,0.203,0.018,6.607,5.28,-3.016,9.0,0.64
3390.0,0.202,-0.008,7.389,8.21,-1.11,10.0,0.64
3392.0,0.202,-0.006,7.389,11.43,0.107,12.0,0.64
3394.0,0.202,-0.005,7.389,9.55,-1.909,12.0,0.61
3396.0,0.201,-0.005,7.389,10.3,-0.136,11.0,0.61
3398.0,0.201,-0.004,7.389,13.36,0.958,13.0,0.62
3400.0,0.201,-0.003,7.389,15.78,-0.587,17.0,0.63
3402.0,0.201,-0.003,7.389,14.35,0.076,15.0,0.64
3404.0,0.201,-0.002,7.389,11.41,-0.879,13.0,0.64
3406.0,0.201,-0.002,7.389,14.38,1.073,14.0,0.64
3408.0,0.2,-0.002,7.389,12.44,1.052,12.0,0.62
3410.0,0.2,-0.001,7.389,14.87,-0.549,16.0,0.62
3412.0,0.2,-0.001,7.389,13.65,-0.695,15.0,0.63
3414.0,0.2,-0.001,7.389,7.18,-3.158,11.0,0.63
3416.0,0.2,-0.001,7.389,9.67,-0.777,11.0,0.61
3418.0,0.2,-0.001,7.389,10.34,-3.109,14.0,0.61
3420.0,0.2,-0.001,7.389,15.35,-0.083,16.0,0.61
3422.0,0.2,-0.001,7.389,10.15,-2.268,13.0,0.62
3424.0,0.2,-0.0,7.389,9.8,-1.616,12.0,0.62
3426.0,0.2,-0.0,7.389,8.37,-1.994,11.0,0.63
3428.0,0.2,-0.0,7.389,12.48,-1.81,15.0,0.64
3430.0,0.2,-0.0,7.389,12.58,-1.754,15.0,0.63
3432.0,0.2,-0.0,7.389,10.22,-1.06,12.0,0.64
3434.0,0.2,-0.0,7.389,11.71,-1.511,14.0,0.66
3436.0,0.206,0.115,4.186,3.83,-5.451,10.0,0.64
3438.0,0.208,0.041,5.607,4.2,-3.163,8.0,0.63
3440.0,0.232,0.491,0.86,-1.44,-7.708,7.0,0.65
3442.0,0.228,-0.097,7.389,6.52,-2.736,10.0,0.65
3444.0,0.223,-0.083,7.389,9.13,-2.082,12.0,0.66
3446.0,0.22,-0.07,7.389,12.86,-2.446,16.0,0.64
3448.0,0.217,-0.06,7.389,12.2,-2.095,15.0,0.64
3450.0,0.214,-0.051,7.389,12.16,-2.207,15.0,0.63
3452.0,0.212,-0.043,7.389,11.97,-0.392,13.0,0.63
3454.0,0.21,-0.037,7.389,9.37,-1.005,11.0,0.62
3456.0,0.209,-0.031,7.389,11.5,-0.744,13.0,0.65
3458.0,0.208,-0.026,7.389,9.75,-0.542,11.0,0.64
3460.0,0.206,-0.023,7.389,11.14,-2.236,14.0,0.62
3462.0,0.205,-0.019,7.389,7.09,-3.295,11.0,0.62
3464.0,0.205,-0.016,7.389,8.58,-1.744,11.0,0.64
3466.0,0.204,-0.014,7.389,6.35,-1.86,9.0,0.66
3468.0,0.203,-0.012,7.389,9.79,-1.522,12.0,0.64
3470.0,0.203,-0.01,7.389,12.34,-2.003,15.0,0.63
3472.0,0.202,-0.009,7.389,15.11,-0.328,16.0,0.61
3474.0,0.202,-0.007,7.389,11.23,-0.078,12.0,0.64
3476.0,0.202,-0.006,7.389,13.01,-1.268,15.0,0.65
3478.0,0.201,-0.005,7.389,8.49,-3.798,13.0,0.64
3480.0,0.201,-0.004,7.389,11.14,-1.233,13.0,0.62
3482.0,0.201,-0.004,7.389,11.56,0.159,12.0,0.62
3484.0,0.201,-0.003,7.389,12.31,-0.023,13.0,0.63
3486.0,0.201,-0.003,7.389,8.37,0.087,9.0,0.64
3488.0,0.201,-0.002,7.389,13.31,0.019,14.0,0.64
3490.0,0.201,-0.002,7.389,11.25,-0.071,12.0,0.64
3492.0,0.2,-0.002,7.389,10.55,-0.729,12.0,0.65
3494.0,0.2,-0.001,7.389,10.79,-2.498,14.0,0.64
3496.0,0.2,-0.001,7.389,7.58,-2.675,11.0,0.65
3498.0,0.2,-0.001,7.389,14.4,0.167,15.0,0.65
3500.0,0.2,-0.001,7.389,10.77,-0.447,12.0,0.66
3502.0,0.2,-0.001,7.389,13.42,-1.862,16.0,0.64
3504.0,0.2,-0.001,7.389,7.36,-1.95,10.0,0.64
3506.0,0.2,-0.001,7.389,10.19,-1.15,12.0,0.63
3508.0,0.2,-0.0,7.389,8.55,-1.691,11.0,0.65
3510.0,0.2,-0.0,7.389,8.67,-3.559,13.0,0.65
3512.0,0.2,-0.0,7.389,18.41,0.139,19.0,0.65
3514.0,0.2,-0.0,7.389,9.82,-0.327,11.0,0.67
3516.0,0.2,-0.0,7.389,9.95,-0.165,11.0,0.68
3518.0,0.2,-0.0,7.389,8.69,-2.515,12.0,0.66
3520.0,0.2,-0.0,7.389,6.39,-2.886,10.0,0.65
3522.0,0.2,-0.0,7.389,11.02,-2.284,14.0,0.64
3524.0,0.204,0.083,4.909,4.43,-2.852,8.0,0.64
3526.0,0.204,-0.013,7.389,8.33,-3.033,12.0,0.63
3528.0,0.203,-0.011,7.389,16.48,-0.981,18.0,0.61
3530.0,0.203,-0.009,7.389,8.97,-1.333,11.0,0.64
3532.0,0.202,-0.008,7.389,18.57,-0.697,20.0,0.65
3534.0,0.202,-0.007,7.389,16.11,-1.139,18.0,0.65
3536.0,0.202,-0.006,7.389,13.32,2.0,12.0,0.64
3538.0,0.201,-0.005,7.389,12.27,-1.023,14.0,0.64
3540.0,0.201,-0.004,7.389,14.34,2.0,13.0,0.63
3542.0,0.201,-0.003,7.389,9.51,-2.843,13.0,0.63
3544.0,0.201,-0.003,7.389,8.49,-1.791,11.0,0.64
3546.0,0.201,-0.002,7.389,9.86,-1.432,12.0,0.64
3548.0,0.201,-0.002,7.389,6.99,-1.404,9.0,0.62
3550.0,0.201,-0.002,7.389,10.46,2.0,9.0,0.61
3552.0,0.2,-0.002,7.389,9.64,-0.609,11.0,0.65
3554.0,0.2,-0.001,7.389,11.48,-0.716,13.0,0.66
3556.0,0.211,0.205,2.704,2.69,-4.583,8.0,0.65
3558.0,0.209,-0.032,7.389,8.57,-2.764,12.0,0.63
3560.0,0.208,-0.027,7.389,7.52,-2.774,11.0,0.64
3562.0,0.207,-0.023,7.389,8.31,-2.054,11.0,0.63
3564.0,0.208,0.02,6.143,3.9,-1.511,6.0,0.62
3566.0,0.215,0.156,3.229,2.36,-2.01,5.0,0.63
3568.0,0.213,-0.046,7.389,11.07,-1.328,13.0,0.62
3570.0,0.211,-0.039,7.389,13.96,-1.409,16.0,0.63
3572.0,0.209,-0.033,7.389,14.56,-0.897,16.0,0.61
3574.0,0.21,0.003,6.385,4.9,-2.412,8.0,0.64
3576.0,0.208,-0.029,7.389,7.71,-2.659,11.0,0.63
3578.0,0.207,-0.024,7.389,7.51,-2.811,11.0,0.64
3580.0,0.206,-0.021,7.389,8.9,-1.467,11.0,0.63
3582.0,0.205,-0.018,7.389,10.42,-1.947,13.0,0.63
3584.0,0.204,-0.015,7.389,14.49,-0.861,16.0,0.63
3586.0,0.204,-0.013,7.389,11.67,-1.767,14.0,0.61
3588.0,0.203,-0.011,7.389,10.58,-0.797,12.0,0.62
3590.0,0.203,-0.009,7.389,11.6,-0.721,13.0,0.64
3592.0,0.202,-0.008,7.389,8.7,-1.624,11.0,0.64
3594.0,0.202,-0.007,7.389,11.08,-1.248,13.0,0.63
